unix_s,tariff,lmp
1740088800,487.63,390.1
1740092400,487.63,365.9
1740096000,487.63,343.3
1740099600,50.13,334.3
1740103200,50.13,306.7
1740106800,50.13,318.3
1740110400,50.13,304.6
1740114000,50.13,28.65
1740117600,50.13,34.0
1740121200,50.13,53.61
1740124800,50.13,28.27
1740128400,50.13,56.29
1740132000,50.13,50.23
1740135600,50.13,82.18
1740139200,487.63,57.81
1740142800,487.63,25.28
1740146400,487.63,25.48
1740150000,487.63,27.42
1740153600,487.63,27.26
1740157200,54.98,26.11
1740160800,54.98,25.48
1740164400,54.98,25.99
1740168000,54.98,27.97
1740171600,487.63,37.35
1740175200,487.63,67.85
1740178800,487.63,63.08
1740182400,487.63,37.16
1740186000,50.13,40.08
1740189600,50.13,28.37
1740193200,50.13,31.14
1740196800,50.13,33.82
1740200400,50.13,32.11
1740204000,50.13,34.35
1740207600,50.13,33.56
1740211200,50.13,34.1
1740214800,50.13,33.58
1740218400,50.13,36.38
1740222000,50.13,42.54
1740225600,54.98,37.07
1740229200,54.98,32.89
1740232800,54.98,31.16
1740236400,54.98,25.78
1740240000,54.98,28.73
1740243600,54.98,26.37
1740247200,54.98,24.16
1740250800,54.98,25.46
1740254400,54.98,44.41
1740258000,54.98,72.38
1740261600,54.98,55.18
1740265200,54.98,37.65
1740268800,54.98,43.19
1740272400,50.13,31.35
1740276000,50.13,24.61
1740279600,50.13,22.95
1740283200,50.13,22.04
1740286800,50.13,23.76
1740290400,50.13,23.41
1740294000,50.13,23.5
1740297600,50.13,23.86
1740301200,50.13,23.7
1740304800,50.13,22.32
1740308400,50.13,22.44
1740312000,54.98,34.27
1740315600,54.98,30.29
1740319200,54.98,24.14
1740322800,54.98,30.34
1740326400,54.98,28.79
1740330000,54.98,22.9
1740333600,54.98,22.13
1740337200,54.98,23.18
1740340800,54.98,22.78
1740344400,54.98,26.22
1740348000,54.98,38.96
1740351600,54.98,36.12
1740355200,54.98,33.89
1740358800,50.13,27.45
1740362400,50.13,36.95
1740366000,50.13,30.87
1740369600,50.13,21.43
1740373200,50.13,20.86
1740376800,50.13,22.46
1740380400,50.13,21.57
1740384000,50.13,20.31
1740387600,50.13,20.45
1740391200,50.13,20.07
1740394800,50.13,19.35
1740398400,487.63,18.92
1740402000,487.63,17.26
1740405600,487.63,16.85
1740409200,487.63,25.9
1740412800,487.63,9.93
1740416400,54.98,19.86
1740420000,54.98,5.56
1740423600,54.98,14.09
1740427200,54.98,21.87
1740430800,487.63,22.52
1740434400,487.63,35.84
1740438000,487.63,29.03
1740441600,487.63,26.59
1740445200,50.13,24.42
1740448800,50.13,27.05
1740452400,50.13,24.05
1740456000,50.13,22.55
1740459600,50.13,23.51
1740463200,50.13,23.06
1740466800,50.13,21.3
1740470400,50.13,23.74
1740474000,50.13,21.61
1740477600,50.13,23.95
1740481200,50.13,24.51
1740484800,487.63,23.37
1740488400,487.63,5.05
1740492000,487.63,14.05
1740495600,487.63,21.34
1740499200,487.63,16.1
1740502800,54.98,20.3
1740506400,54.98,15.18
1740510000,54.98,20.82
1740513600,54.98,-3.26
1740517200,487.63,32.63
1740520800,487.63,61.29
1740524400,487.63,77.9
1740528000,487.63,60.02
1740531600,50.13,34.46
1740535200,50.13,26.14
1740538800,50.13,22.1
1740542400,50.13,21.1
1740546000,50.13,23.3
1740549600,50.13,22.17
1740553200,50.13,22.36
1740556800,50.13,22.59
1740560400,50.13,22.01
1740564000,50.13,24.34
1740567600,50.13,31.65
1740571200,487.63,45.99
1740574800,487.63,31.59
1740578400,487.63,28.29
1740582000,487.63,22.91
1740585600,487.63,18.7
1740589200,54.98,17.68
1740592800,54.98,16.34
1740596400,54.98,16.24
1740600000,54.98,18.43
1740603600,487.63,19.28
1740607200,487.63,29.95
1740610800,487.63,35.29
1740614400,487.63,25.14
1740618000,50.13,32.88
1740621600,50.13,27.7
1740625200,50.13,30.87
1740628800,50.13,21.36
1740632400,50.13,3.11
1740636000,50.13,5.62
1740639600,50.13,17.42
1740643200,50.13,17.29
1740646800,50.13,17.16
1740650400,50.13,17.24
1740654000,50.13,19.5
1740657600,487.63,19.94
1740661200,487.63,17.44
1740664800,487.63,13.86
1740668400,487.63,15.23
1740672000,487.63,15.33
1740675600,54.98,15.18
1740679200,54.98,14.87
1740682800,54.98,14.75
1740686400,54.98,15.42
1740690000,487.63,15.89
1740693600,487.63,20.59
1740697200,487.63,18.76
1740700800,487.63,30.57
1740704400,50.13,22.32
1740708000,50.13,16.27
1740711600,50.13,15.42
1740715200,50.13,14.96
1740718800,50.13,14.89
1740722400,50.13,12.03
1740726000,50.13,5.85
1740729600,50.13,4.99
1740733200,50.13,11.73
1740736800,50.13,11.88
1740740400,50.13,13.8
1740744000,487.63,34.26
1740747600,487.63,18.01
1740751200,487.63,50.97
1740754800,487.63,23.75
1740758400,487.63,34.19
1740762000,54.98,17.94
1740765600,54.98,34.41
1740769200,54.98,18.95
1740772800,54.98,42.85
1740776400,487.63,40.18
1740780000,487.63,36.66
1740783600,487.63,22.27
1740787200,487.63,22.2
1740790800,50.13,7.01
1740794400,50.13,17.49
1740798000,50.13,-0.01
1740801600,50.13,-8.55
1740805200,50.13,0.0
1740808800,50.13,0.0
1740812400,50.13,6.99
1740816000,50.13,0.0
1740819600,50.13,0.0
1740823200,50.13,0.0
1740826800,50.13,0.0
1740830400,54.98,0.01
1740834000,54.98,0.0
1740837600,54.98,3.48
1740841200,54.98,0.0
1740844800,54.98,3.2
1740848400,54.98,0.0
1740852000,54.98,-0.01
1740855600,54.98,0.0
1740859200,54.98,0.0
1740862800,54.98,0.0
1740866400,54.98,4.28
1740870000,54.98,21.72
1740873600,54.98,23.9
1740877200,50.13,10.98
1740880800,50.13,0.0
1740884400,50.13,3.5
1740888000,50.13,20.95
1740891600,50.13,23.97
1740895200,50.13,62.62
1740898800,50.13,29.66
1740902400,50.13,39.85
1740906000,50.13,22.94
1740909600,50.13,44.81
1740913200,50.13,64.72
1740916800,54.98,44.41
1740920400,54.98,49.94
1740924000,54.98,22.47
1740927600,54.98,22.33
1740931200,54.98,18.85
1740934800,54.98,15.35
1740938400,54.98,15.07
1740942000,54.98,16.44
1740945600,54.98,18.02
1740949200,54.98,44.95
1740952800,54.98,39.56
1740956400,54.98,30.46
1740960000,54.98,36.02
1740963600,50.13,27.83
1740967200,50.13,28.05
1740970800,50.13,25.33
1740974400,50.13,20.16
1740978000,50.13,19.09
1740981600,50.13,19.46
1740985200,50.13,19.37
1740988800,50.13,19.08
1740992400,50.13,19.55
1740996000,50.13,19.4
1740999600,50.13,18.26
1741003200,487.63,19.04
1741006800,487.63,19.0
1741010400,487.63,18.03
1741014000,487.63,18.53
1741017600,487.63,21.4
1741021200,54.98,55.25
1741024800,54.98,32.43
1741028400,54.98,33.45
1741032000,54.98,27.38
1741035600,487.63,29.07
1741039200,487.63,31.22
1741042800,487.63,36.79
1741046400,487.63,27.52
1741050000,50.13,25.94
1741053600,50.13,20.63
1741057200,50.13,17.34
1741060800,50.13,16.93
1741064400,50.13,18.12
1741068000,50.13,17.31
1741071600,50.13,16.69
1741075200,50.13,16.81
1741078800,50.13,17.3
1741082400,50.13,17.27
1741086000,50.13,18.14
1741089600,487.63,18.19
1741093200,487.63,17.17
1741096800,487.63,17.18
1741100400,487.63,15.67
1741104000,487.63,-22.91
1741107600,54.98,16.22
1741111200,54.98,15.1
1741114800,54.98,14.56
1741118400,54.98,15.33
1741122000,487.63,17.03
1741125600,487.63,18.77
1741129200,487.63,17.76
1741132800,487.63,21.5
1741136400,50.13,30.96
1741140000,50.13,18.45
1741143600,50.13,16.89
1741147200,50.13,15.55
1741150800,50.13,15.74
1741154400,50.13,15.6
1741158000,50.13,14.98
1741161600,50.13,14.59
1741165200,50.13,13.88
1741168800,50.13,11.08
1741172400,50.13,14.86
1741176000,487.63,15.78
1741179600,487.63,15.11
1741183200,487.63,14.76
1741186800,487.63,15.66
1741190400,487.63,15.46
1741194000,54.98,15.0
1741197600,54.98,14.8
1741201200,54.98,14.76
1741204800,54.98,16.42
1741208400,487.63,17.28
1741212000,487.63,17.6
1741215600,487.63,17.95
1741219200,487.63,18.89
1741222800,50.13,18.08
1741226400,50.13,18.23
1741230000,50.13,16.7
1741233600,50.13,15.99
1741237200,50.13,17.31
1741240800,50.13,16.24
1741244400,50.13,15.82
1741248000,50.13,15.46
1741251600,50.13,15.95
1741255200,50.13,16.06
1741258800,50.13,18.05
1741262400,487.63,17.76
1741266000,487.63,19.49
1741269600,487.63,19.67
1741273200,487.63,23.11
1741276800,487.63,26.53
1741280400,54.98,29.52
1741284000,54.98,26.11
1741287600,54.98,31.76
1741291200,54.98,27.0
1741294800,487.63,28.36
1741298400,487.63,26.85
1741302000,487.63,35.23
1741305600,487.63,33.33
1741309200,50.13,26.25
1741312800,50.13,25.17
1741316400,50.13,28.83
1741320000,50.13,18.44
1741323600,50.13,40.15
1741327200,50.13,42.19
1741330800,50.13,43.69
1741334400,50.13,46.26
1741338000,50.13,50.0
1741341600,50.13,52.92
1741345200,50.13,61.96
1741348800,487.63,41.13
1741352400,487.63,29.61
1741356000,487.63,25.68
1741359600,487.63,22.85
1741363200,487.63,19.25
1741366800,54.98,17.13
1741370400,54.98,12.41
1741374000,54.98,17.58
1741377600,54.98,22.97
1741381200,487.63,33.81
1741384800,487.63,53.62
1741388400,487.63,56.77
1741392000,487.63,47.19
1741395600,50.13,48.11
1741399200,50.13,47.46
1741402800,50.13,48.17
1741406400,50.13,47.19
1741410000,50.13,36.21
1741413600,50.13,36.46
1741417200,50.13,36.26
1741420800,50.13,36.29
1741424400,50.13,37.04
1741428000,50.13,43.0
1741431600,50.13,37.58
1741435200,54.98,25.45
1741438800,54.98,31.46
1741442400,54.98,42.21
1741446000,54.98,37.59
1741449600,54.98,31.07
1741453200,54.98,14.88
1741456800,54.98,6.23
1741460400,54.98,2.68
1741464000,54.98,9.07
1741467600,54.98,18.39
1741471200,54.98,43.88
1741474800,54.98,46.9
1741478400,54.98,42.12
1741482000,50.13,36.53
1741485600,50.13,37.23
1741489200,50.13,36.47
1741492800,50.13,34.43
1741496400,50.13,34.1
1741500000,50.13,33.82
1741503600,50.13,38.31
1741507200,50.13,36.79
1741510800,50.13,36.06
1741514400,50.13,36.26
1741518000,50.13,35.01
1741521600,54.98,32.9
1741525200,54.98,27.69
1741528800,54.98,20.62
1741532400,54.98,-4.1
1741536000,54.98,-11.01
1741539600,54.98,-10.17
1741543200,54.98,-11.44
1741546800,54.98,-8.95
1741550400,54.98,1.33
1741554000,54.98,19.4
1741557600,54.98,42.0
1741561200,54.98,44.73
1741564800,54.98,41.13
1741568400,50.13,37.11
1741572000,50.13,39.97
1741575600,50.13,33.02
1741579200,50.13,31.12
1741582800,50.13,29.71
1741586400,50.13,27.93
1741590000,50.13,22.47
1741593600,50.13,29.05
1741597200,50.13,36.47
1741600800,50.13,44.49
1741604400,487.63,62.17
1741608000,487.63,52.67
1741611600,487.63,51.06
1741615200,487.63,40.44
1741618800,487.63,34.37
1741622400,54.98,21.32
1741626000,54.98,4.29
1741629600,54.98,12.7
1741633200,54.98,32.19
1741636800,487.63,48.05
1741640400,487.63,44.01
1741644000,487.63,50.72
1741647600,487.63,47.03
1741651200,50.13,42.56
1741654800,50.13,38.93
1741658400,50.13,35.16
1741662000,50.13,32.77
1741665600,50.13,31.78
1741669200,50.13,29.89
1741672800,50.13,28.97
1741676400,50.13,17.98
1741680000,50.13,17.17
1741683600,50.13,17.09
1741687200,50.13,17.08
1741690800,487.63,16.51
1741694400,487.63,16.1
1741698000,487.63,11.52
1741701600,487.63,10.73
1741705200,487.63,-0.01
1741708800,54.98,-0.01
1741712400,54.98,0.0
1741716000,54.98,2.75
1741719600,54.98,10.74
1741723200,487.63,16.63
1741726800,487.63,27.63
1741730400,487.63,20.65
1741734000,487.63,22.48
1741737600,50.13,21.96
1741741200,50.13,33.06
1741744800,50.13,27.51
1741748400,50.13,15.62
1741752000,50.13,16.34
1741755600,50.13,17.87
1741759200,50.13,17.49
1741762800,50.13,17.33
1741766400,50.13,16.37
1741770000,50.13,24.18
1741773600,50.13,39.52
1741777200,487.63,28.77
1741780800,487.63,23.01
1741784400,487.63,19.92
1741788000,487.63,19.17
1741791600,487.63,18.06
1741795200,54.98,17.11
1741798800,54.98,16.42
1741802400,54.98,-3.02
1741806000,54.98,4.66
1741809600,487.63,12.9
1741813200,487.63,14.57
1741816800,487.63,18.98
1741820400,487.63,14.3
1741824000,50.13,8.81
1741827600,50.13,3.33
1741831200,50.13,4.35
1741834800,50.13,16.6
1741838400,50.13,16.2
1741842000,50.13,5.99
1741845600,50.13,15.8
1741849200,50.13,16.84
1741852800,50.13,18.41
1741856400,50.13,22.06
1741860000,50.13,30.56
1741863600,487.63,19.74
1741867200,487.63,23.71
1741870800,487.63,15.67
1741874400,487.63,14.76
1741878000,487.63,14.52
1741881600,54.98,9.51
1741885200,54.98,1.3
1741888800,54.98,-1.02
1741892400,54.98,-8.29
1741896000,487.63,7.75
1741899600,487.63,14.23
1741903200,487.63,23.16
1741906800,487.63,27.63
1741910400,50.13,20.22
1741914000,50.13,18.3
1741917600,50.13,17.1
1741921200,50.13,15.84
1741924800,50.13,15.39
1741928400,50.13,14.91
1741932000,50.13,15.32
1741935600,50.13,15.4
1741939200,50.13,15.35
1741942800,50.13,21.67
1741946400,50.13,23.23
1741950000,487.63,29.27
1741953600,487.63,21.9
1741957200,487.63,15.22
1741960800,487.63,15.25
1741964400,487.63,14.78
1741968000,54.98,14.06
1741971600,54.98,13.7
1741975200,54.98,4.44
1741978800,54.98,11.56
1741982400,487.63,12.43
1741986000,487.63,14.81
1741989600,487.63,20.6
1741993200,487.63,26.88
1741996800,50.13,21.32
1742000400,50.13,24.88
1742004000,50.13,19.31
1742007600,50.13,17.39
1742011200,50.13,17.69
1742014800,50.13,17.87
1742018400,50.13,17.16
1742022000,50.13,17.44
1742025600,50.13,18.01
1742029200,50.13,21.88
1742032800,50.13,24.54
1742036400,54.98,24.32
1742040000,54.98,17.56
1742043600,54.98,17.06
1742047200,54.98,15.02
1742050800,54.98,13.19
1742054400,54.98,13.8
1742058000,54.98,13.96
1742061600,54.98,13.75
1742065200,54.98,13.9
1742068800,54.98,14.71
1742072400,54.98,18.68
1742076000,54.98,22.24
1742079600,54.98,27.1
1742083200,50.13,18.58
1742086800,50.13,20.46
1742090400,50.13,16.89
1742094000,50.13,15.31
1742097600,50.13,15.72
1742101200,50.13,14.22
1742104800,50.13,13.47
1742108400,50.13,12.87
1742112000,50.13,14.21
1742115600,50.13,13.1
1742119200,50.13,16.21
1742122800,54.98,18.64
1742126400,54.98,25.05
1742130000,54.98,19.37
1742133600,54.98,19.75
1742137200,54.98,18.28
1742140800,54.98,17.79
1742144400,54.98,18.6
1742148000,54.98,20.95
1742151600,54.98,21.9
1742155200,54.98,25.29
1742158800,54.98,18.81
1742162400,54.98,21.72
1742166000,54.98,20.79
1742169600,50.13,19.89
1742173200,50.13,20.1
1742176800,50.13,17.92
1742180400,50.13,16.31
1742184000,50.13,19.61
1742187600,50.13,18.6
1742191200,50.13,17.74
1742194800,50.13,17.77
1742198400,50.13,17.9
1742202000,50.13,18.59
1742205600,50.13,24.83
1742209200,487.63,23.13
1742212800,487.63,19.96
1742216400,487.63,18.29
1742220000,487.63,15.63
1742223600,487.63,11.87
1742227200,54.98,14.41
1742230800,54.98,14.55
1742234400,54.98,14.81
1742238000,54.98,14.55
1742241600,487.63,14.73
1742245200,487.63,16.41
1742248800,487.63,17.93
1742252400,487.63,30.94
1742256000,50.13,22.72
1742259600,50.13,18.69
1742263200,50.13,16.55
1742266800,50.13,16.69
1742270400,50.13,17.8
1742274000,50.13,15.61
1742277600,50.13,14.58
1742281200,50.13,14.16
1742284800,50.13,14.69
1742288400,50.13,14.77
1742292000,50.13,14.89
1742295600,487.63,19.96
1742299200,487.63,34.6
1742302800,487.63,23.22
1742306400,487.63,15.1
1742310000,487.63,1.69
1742313600,54.98,1.85
1742317200,54.98,11.91
1742320800,54.98,11.74
1742324400,54.98,13.85
1742328000,487.63,4.97
1742331600,487.63,15.87
1742335200,487.63,18.9
1742338800,487.63,19.18
1742342400,50.13,17.73
1742346000,50.13,19.19
1742349600,50.13,17.99
1742353200,50.13,14.03
1742356800,50.13,15.45
1742360400,50.13,14.59
1742364000,50.13,14.35
1742367600,50.13,14.53
1742371200,50.13,14.87
1742374800,50.13,16.28
1742378400,50.13,15.92
1742382000,487.63,17.92
1742385600,487.63,20.2
1742389200,487.63,16.87
1742392800,487.63,13.88
1742396400,487.63,14.41
1742400000,54.98,3.22
1742403600,54.98,7.78
1742407200,54.98,2.31
1742410800,54.98,11.97
1742414400,487.63,14.83
1742418000,487.63,18.93
1742421600,487.63,21.09
1742425200,487.63,18.66
1742428800,50.13,21.43
1742432400,50.13,22.68
1742436000,50.13,24.38
1742439600,50.13,18.19
1742443200,50.13,18.38
1742446800,50.13,17.17
1742450400,50.13,16.68
1742454000,50.13,16.74
1742457600,50.13,17.62
1742461200,50.13,18.72
1742464800,50.13,23.03
1742468400,487.63,25.26
1742472000,487.63,16.56
1742475600,487.63,18.86
1742479200,487.63,17.09
1742482800,487.63,16.41
1742486400,54.98,16.35
1742490000,54.98,17.04
1742493600,54.98,16.6
1742497200,54.98,16.45
1742500800,487.63,16.96
1742504400,487.63,15.92
1742508000,487.63,19.4
1742511600,487.63,21.84
1742515200,50.13,22.71
1742518800,50.13,23.91
1742522400,50.13,23.1
1742526000,50.13,19.49
1742529600,50.13,19.88
1742533200,50.13,19.51
1742536800,50.13,19.27
1742540400,50.13,18.96
1742544000,50.13,19.37
1742547600,50.13,19.83
1742551200,50.13,34.04
1742554800,487.63,42.79
1742558400,487.63,30.565
1742562000,487.63,18.34
1742565600,487.63,19.04
1742569200,487.63,23.83
1742572800,54.98,53.59
1742576400,54.98,19.65
1742580000,54.98,37.98
1742583600,54.98,25.09
1742587200,487.63,19.16
1742590800,487.63,31.6
1742594400,487.63,20.32
1742598000,487.63,21.5
1742601600,50.13,24.32
1742605200,50.13,28.8
1742608800,50.13,29.59
1742612400,50.13,20.46
1742616000,50.13,18.55
1742619600,50.13,25.58
1742623200,50.13,23.77
1742626800,50.13,23.26
1742630400,50.13,23.75
1742634000,50.13,23.18
1742637600,50.13,37.73
1742641200,54.98,28.48
1742644800,54.98,18.8
1742648400,54.98,18.5
1742652000,54.98,9.51
1742655600,54.98,0.0
1742659200,54.98,0.01
1742662800,54.98,0.0
1742666400,54.98,-14.36
1742670000,54.98,0.74
1742673600,54.98,0.0
1742677200,54.98,0.0
1742680800,54.98,-0.01
1742684400,54.98,0.0
1742688000,50.13,0.0
1742691600,50.13,0.0
1742695200,50.13,0.0
1742698800,50.13,0.01
1742702400,50.13,0.0
1742706000,50.13,0.0
1742709600,50.13,0.0
1742713200,50.13,0.0
1742716800,50.13,0.0
1742720400,50.13,4.66
1742724000,50.13,11.62
1742727600,54.98,-0.01
1742731200,54.98,0.0
1742734800,54.98,11.09
1742738400,54.98,23.08
1742742000,54.98,5.33
1742745600,54.98,48.23
1742749200,54.98,28.82
1742752800,54.98,4.42
1742756400,54.98,-0.01
1742760000,54.98,0.01
1742763600,54.98,0.01
1742767200,54.98,15.17
1742770800,54.98,23.03
1742774400,50.13,34.63
1742778000,50.13,32.25
1742781600,50.13,18.12
1742785200,50.13,20.28
1742788800,50.13,22.99
1742792400,50.13,24.91
1742796000,50.13,27.47
1742799600,50.13,31.84
1742803200,50.13,30.82
1742806800,50.13,26.92
1742810400,50.13,39.85
1742814000,487.63,35.93
1742817600,487.63,38.07
1742821200,487.63,45.48
1742824800,487.63,51.11
1742828400,487.63,46.27
1742832000,54.98,46.35
1742835600,54.98,40.49
1742839200,54.98,41.46
1742842800,54.98,41.68
1742846400,487.63,45.46
1742850000,487.63,51.18
1742853600,487.63,43.35
1742857200,487.63,27.56
1742860800,50.13,28.34
1742864400,50.13,24.54
1742868000,50.13,27.16
1742871600,50.13,37.05
1742875200,50.13,38.46
1742878800,50.13,23.42
1742882400,50.13,23.35
1742886000,50.13,17.18
1742889600,50.13,9.31
1742893200,50.13,20.62
1742896800,50.13,27.27
1742900400,487.63,26.1
1742904000,487.63,32.57
1742907600,487.63,24.9
1742911200,487.63,22.06
1742914800,487.63,20.65
1742918400,54.98,18.93
1742922000,54.98,18.05
1742925600,54.98,17.84
1742929200,54.98,17.69
1742932800,487.63,15.05
1742936400,487.63,24.85
1742940000,487.63,34.32
1742943600,487.63,40.78
1742947200,50.13,51.26
1742950800,50.13,45.37
1742954400,50.13,31.08
1742958000,50.13,40.63
1742961600,50.13,33.15
1742965200,50.13,25.61
1742968800,50.13,23.45
1742972400,50.13,23.9
1742976000,50.13,20.21
1742979600,50.13,19.92
1742983200,50.13,20.35
1742986800,487.63,22.9
1742990400,487.63,24.59
1742994000,487.63,21.68
1742997600,487.63,19.71
1743001200,487.63,20.05
1743004800,54.98,19.26
1743008400,54.98,18.42
1743012000,54.98,17.56
1743015600,54.98,17.37
1743019200,487.63,13.07
1743022800,487.63,17.58
1743026400,487.63,20.9
1743030000,487.63,37.06
1743033600,50.13,19.31
1743037200,50.13,18.73
1743040800,50.13,18.38
1743044400,50.13,21.44
1743048000,50.13,19.55
1743051600,50.13,20.43
1743055200,50.13,20.67
1743058800,50.13,19.65
1743062400,50.13,24.6
1743066000,50.13,24.45
1743069600,50.13,43.56
1743073200,487.63,41.74
1743076800,487.63,19.38
1743080400,487.63,19.69
1743084000,487.63,21.15
1743087600,487.63,19.58
1743091200,54.98,19.15
1743094800,54.98,20.06
1743098400,54.98,20.83
1743102000,54.98,13.99
1743105600,487.63,3.54
1743109200,487.63,13.59
1743112800,487.63,32.04
1743116400,487.63,33.2
1743120000,50.13,23.8
1743123600,50.13,30.51
1743127200,50.13,20.3
1743130800,50.13,20.12
1743134400,50.13,25.33
1743138000,50.13,20.75
1743141600,50.13,20.8
1743145200,50.13,19.83
1743148800,50.13,21.35
1743152400,50.13,29.01
1743156000,50.13,46.76
1743159600,487.63,34.71
1743163200,487.63,23.41
1743166800,487.63,24.34
1743170400,487.63,20.86
1743174000,487.63,19.18
1743177600,54.98,17.91
1743181200,54.98,17.83
1743184800,54.98,17.58
1743188400,54.98,22.59
1743192000,487.63,30.73
1743195600,487.63,38.68
1743199200,487.63,35.79
1743202800,487.63,34.0
1743206400,50.13,33.75
1743210000,50.13,37.6
1743213600,50.13,33.57
1743217200,50.13,21.55
1743220800,50.13,28.46
1743224400,50.13,23.58
1743228000,50.13,24.32
1743231600,50.13,21.13
1743235200,50.13,22.49
1743238800,50.13,23.72
1743242400,50.13,34.69
1743246000,54.98,33.0
1743249600,54.98,31.31
1743253200,54.98,40.4
1743256800,54.98,42.16
1743260400,54.98,39.31
1743264000,54.98,45.9
1743267600,54.98,39.71
1743271200,54.98,22.51
1743274800,54.98,19.84
1743278400,54.98,22.92
1743282000,54.98,20.49
1743285600,54.98,20.77
1743289200,54.98,21.19
1743292800,50.13,21.91
1743296400,50.13,25.98
1743300000,50.13,23.81
1743303600,50.13,19.25
1743307200,50.13,21.16
1743310800,50.13,19.84
1743314400,50.13,17.7
1743318000,50.13,17.82
1743321600,50.13,18.66
1743325200,50.13,30.54
1743328800,50.13,32.81
1743332400,54.98,27.84
1743336000,54.98,23.85
1743339600,54.98,12.11
1743343200,54.98,0.0
1743346800,54.98,0.0
1743350400,54.98,-0.01
1743354000,54.98,-1.58
1743357600,54.98,0.0
1743361200,54.98,0.0
1743364800,54.98,0.0
1743368400,54.98,0.0
1743372000,54.98,0.0
1743375600,54.98,0.0
1743379200,50.13,0.0
1743382800,50.13,-7.51
1743386400,50.13,-7.51
1743390000,50.13,0.0
1743393600,50.13,-30.01
1743397200,50.13,-45.0
1743400800,50.13,-41.25
1743404400,50.13,-15.0
1743408000,50.13,0.0
1743411600,50.13,-7.5
1743415200,50.13,0.0
1743418800,487.63,0.0
1743422400,487.63,-3.75
1743426000,487.63,-3.75
1743429600,487.63,-3.83
1743433200,487.63,-6.03
1743436800,54.98,-26.24
1743440400,54.98,-39.78
1743444000,54.98,-22.93
1743447600,54.98,-0.43
1743451200,487.63,0.0
1743454800,487.63,0.0
1743458400,487.63,-0.01
1743462000,487.63,0.01
1743465600,50.13,0.0
1743469200,50.13,0.0
1743472800,50.13,16.41
1743476400,50.13,8.88
1743480000,50.13,17.35
1743483600,50.13,15.95
1743487200,50.13,13.2
1743490800,50.13,6.78
1743494400,50.13,16.44
1743498000,50.13,16.71
1743501600,50.13,17.67
1743505200,487.63,17.84
1743508800,487.63,23.19
1743512400,487.63,15.84
1743516000,487.63,15.92
1743519600,487.63,15.71
1743523200,54.98,14.13
1743526800,54.98,4.71
1743530400,54.98,-7.51
1743534000,54.98,-23.61
1743537600,487.63,2.1
1743541200,487.63,0.0
1743544800,487.63,-0.01
1743548400,487.63,2.63
1743552000,50.13,2.82
1743555600,50.13,18.16
1743559200,50.13,10.64
1743562800,50.13,17.57
1743566400,50.13,17.8
1743570000,50.13,15.61
1743573600,50.13,14.58
1743577200,50.13,14.16
1743580800,50.13,14.69
1743584400,50.13,14.77
1743588000,50.13,14.89
1743591600,487.63,19.96
1743595200,487.63,34.6
1743598800,487.63,23.22
1743602400,487.63,15.1
1743606000,487.63,1.69
1743609600,54.98,1.85
1743613200,54.98,11.91
1743616800,54.98,11.74
1743620400,54.98,13.85
1743624000,487.63,4.97
1743627600,487.63,15.87
1743631200,487.63,18.9
1743634800,487.63,19.18
1743638400,50.13,17.73
1743642000,50.13,19.19
1743645600,50.13,17.99
1743649200,50.13,14.03
1743652800,50.13,15.45
1743656400,50.13,14.59
1743660000,50.13,14.35
1743663600,50.13,14.53
1743667200,50.13,14.87
1743670800,50.13,16.28
1743674400,50.13,15.92
1743678000,487.63,17.92
1743681600,487.63,20.2
1743685200,487.63,16.87
1743688800,487.63,13.88
1743692400,487.63,14.41
1743696000,54.98,3.22
1743699600,54.98,7.78
1743703200,54.98,2.31
1743706800,54.98,11.97
1743710400,487.63,14.83
1743714000,487.63,18.93
1743717600,487.63,21.09
1743721200,487.63,18.66
1743724800,50.13,21.43
1743728400,50.13,22.68
1743732000,50.13,24.38
1743735600,50.13,18.19
1743739200,50.13,18.38
1743742800,50.13,17.17
1743746400,50.13,16.68
1743750000,50.13,16.74
1743753600,50.13,17.62
1743757200,50.13,18.72
1743760800,50.13,23.03
1743764400,487.63,25.26
1743768000,487.63,16.56
1743771600,487.63,18.86
1743775200,487.63,17.09
1743778800,487.63,16.41
1743782400,54.98,16.35
1743786000,54.98,17.04
1743789600,54.98,16.6
1743793200,54.98,16.45
1743796800,487.63,16.96
1743800400,487.63,15.92
1743804000,487.63,19.4
1743807600,487.63,21.84
1743811200,50.13,22.71
1743814800,50.13,23.91
1743818400,50.13,23.1
1743822000,50.13,19.49
1743825600,50.13,19.88
1743829200,50.13,19.51
1743832800,50.13,19.27
1743836400,50.13,18.96
1743840000,50.13,19.37
1743843600,50.13,19.83
1743847200,50.13,34.04
1743850800,487.63,42.79
1743854400,487.63,30.565
1743858000,487.63,18.34
1743861600,487.63,19.04
1743865200,487.63,23.83
1743868800,54.98,53.59
1743872400,54.98,19.65
1743876000,54.98,37.98
1743879600,54.98,25.09
1743883200,487.63,19.16
1743886800,487.63,31.6
1743890400,487.63,20.32
1743894000,487.63,21.5
1743897600,50.13,24.32
1743901200,50.13,28.8
1743904800,50.13,29.59
1743908400,50.13,20.46
1743912000,50.13,18.55
1743915600,50.13,25.58
1743919200,50.13,23.77
1743922800,50.13,23.26
1743926400,50.13,23.75
1743930000,50.13,23.18
1743933600,50.13,37.73
1743937200,54.98,28.48
1743940800,54.98,18.8
1743944400,54.98,18.5
1743948000,54.98,9.51
1743951600,54.98,0.0
1743955200,54.98,0.01
1743958800,54.98,0.0
1743962400,54.98,-14.36
1743966000,54.98,0.74
1743969600,54.98,0.0
1743973200,54.98,0.0
1743976800,54.98,-0.01
1743980400,54.98,0.0
1743984000,50.13,0.0
1743987600,50.13,0.0
1743991200,50.13,0.0
1743994800,50.13,0.01
1743998400,50.13,0.0
1744002000,50.13,0.0
1744005600,50.13,0.0
1744009200,50.13,0.0
1744012800,50.13,0.0
1744016400,50.13,4.66
1744020000,50.13,11.62
1744023600,54.98,-0.01
1744027200,54.98,0.0
1744030800,54.98,11.09
1744034400,54.98,23.08
1744038000,54.98,5.33
1744041600,54.98,48.23
1744045200,54.98,28.82
1744048800,54.98,4.42
1744052400,54.98,-0.01
1744056000,54.98,0.01
1744059600,54.98,0.01
1744063200,54.98,15.17
1744066800,54.98,23.03
1744070400,50.13,34.63
1744074000,50.13,32.25
1744077600,50.13,18.12
1744081200,50.13,20.28
1744084800,50.13,22.99
1744088400,50.13,24.91
1744092000,50.13,27.47
1744095600,50.13,31.84
1744099200,50.13,30.82
1744102800,50.13,26.92
1744106400,50.13,39.85
1744110000,487.63,35.93
1744113600,487.63,38.07
1744117200,487.63,45.48
1744120800,487.63,51.11
1744124400,487.63,46.27
1744128000,54.98,46.35
1744131600,54.98,40.49
1744135200,54.98,41.46
1744138800,54.98,41.68
1744142400,487.63,45.46
1744146000,487.63,51.18
1744149600,487.63,43.35
1744153200,487.63,27.56
1744156800,50.13,28.34
1744160400,50.13,24.54
1744164000,50.13,27.16
1744167600,50.13,37.05
1744171200,50.13,38.46
1744174800,50.13,23.42
1744178400,50.13,23.35
1744182000,50.13,17.18
1744185600,50.13,9.31
1744189200,50.13,20.62
1744192800,50.13,27.27
1744196400,487.63,26.1
1744200000,487.63,32.57
1744203600,487.63,24.9
1744207200,487.63,22.06
1744210800,487.63,20.65
1744214400,54.98,18.93
1744218000,54.98,18.05
1744221600,54.98,17.84
1744225200,54.98,17.69
1744228800,487.63,15.05
1744232400,487.63,24.85
1744236000,487.63,34.32
1744239600,487.63,40.78
1744243200,50.13,51.26
1744246800,50.13,45.37
1744250400,50.13,31.08
1744254000,50.13,40.63
1744257600,50.13,33.15
1744261200,50.13,25.61
1744264800,50.13,23.45
1744268400,50.13,23.9
1744272000,50.13,20.21
1744275600,50.13,19.92
1744279200,50.13,20.35
1744282800,487.63,22.9
1744286400,487.63,24.59
1744290000,487.63,21.68
1744293600,487.63,19.71
1744297200,487.63,20.05
1744300800,54.98,19.26
1744304400,54.98,18.42
1744308000,54.98,17.56
1744311600,54.98,17.37
1744315200,487.63,13.07
1744318800,487.63,17.58
1744322400,487.63,20.9
1744326000,487.63,37.06
1744329600,50.13,19.31
1744333200,50.13,18.73
1744336800,50.13,18.38
1744340400,50.13,21.44
1744344000,50.13,19.55
1744347600,50.13,20.43
1744351200,50.13,20.67
1744354800,50.13,19.65
1744358400,50.13,24.6
1744362000,50.13,24.45
1744365600,50.13,43.56
1744369200,487.63,41.74
1744372800,487.63,19.38
1744376400,487.63,19.69
1744380000,487.63,21.15
1744383600,487.63,19.58
1744387200,54.98,19.15
1744390800,54.98,20.06
1744394400,54.98,20.83
1744398000,54.98,13.99
1744401600,487.63,3.54
1744405200,487.63,13.59
1744408800,487.63,32.04
1744412400,487.63,33.2
1744416000,50.13,23.8
1744419600,50.13,30.51
1744423200,50.13,20.3
1744426800,50.13,20.12
1744430400,50.13,25.33
1744434000,50.13,20.75
1744437600,50.13,20.8
1744441200,50.13,19.83
1744444800,50.13,21.35
1744448400,50.13,29.01
1744452000,50.13,46.76
1744455600,487.63,34.71
1744459200,487.63,23.41
1744462800,487.63,24.34
1744466400,487.63,20.86
1744470000,487.63,19.18
1744473600,54.98,17.91
1744477200,54.98,17.83
1744480800,54.98,17.58
1744484400,54.98,22.59
1744488000,487.63,30.73
1744491600,487.63,38.68
1744495200,487.63,35.79
1744498800,487.63,34.0
1744502400,50.13,33.75
1744506000,50.13,37.6
1744509600,50.13,33.57
1744513200,50.13,21.55
1744516800,50.13,28.46
1744520400,50.13,23.58
1744524000,50.13,24.32
1744527600,50.13,21.13
1744531200,50.13,22.49
1744534800,50.13,23.72
1744538400,50.13,34.69
1744542000,54.98,33.0
1744545600,54.98,31.31
1744549200,54.98,40.4
1744552800,54.98,42.16
1744556400,54.98,39.31
1744560000,54.98,45.9
1744563600,54.98,39.71
1744567200,54.98,22.51
1744570800,54.98,19.84
1744574400,54.98,22.92
1744578000,54.98,20.49
1744581600,54.98,20.77
1744585200,54.98,21.19
1744588800,50.13,21.91
1744592400,50.13,25.98
1744596000,50.13,23.81
1744599600,50.13,19.25
1744603200,50.13,21.16
1744606800,50.13,19.84
1744610400,50.13,17.7
1744614000,50.13,17.82
1744617600,50.13,18.66
1744621200,50.13,30.54
1744624800,50.13,32.81
1744628400,54.98,27.84
1744632000,54.98,23.85
1744635600,54.98,12.11
1744639200,54.98,0.0
1744642800,54.98,0.0
1744646400,54.98,-0.01
1744650000,54.98,-1.58
1744653600,54.98,0.0
1744657200,54.98,0.0
1744660800,54.98,0.0
1744664400,54.98,0.0
1744668000,54.98,0.0
1744671600,54.98,0.0
1744675200,50.13,0.0
1744678800,50.13,-7.51
1744682400,50.13,-7.51
1744686000,50.13,0.0
1744689600,50.13,-30.01
1744693200,50.13,-45.0
1744696800,50.13,-41.25
1744700400,50.13,-15.0
1744704000,50.13,0.0
1744707600,50.13,-7.5
1744711200,50.13,0.0
1744714800,487.63,0.0
1744718400,487.63,-3.75
1744722000,487.63,-3.75
1744725600,487.63,-3.83
1744729200,487.63,-6.03
1744732800,54.98,-26.24
1744736400,54.98,-39.78
1744740000,54.98,-22.93
1744743600,54.98,-0.43
1744747200,487.63,0.0
1744750800,487.63,0.0
1744754400,487.63,-0.01
1744758000,487.63,0.01
1744761600,50.13,0.0
1744765200,50.13,0.0
1744768800,50.13,16.41
1744772400,50.13,8.88
1744776000,50.13,17.35
1744779600,50.13,15.95
1744783200,50.13,13.2
1744786800,50.13,6.78
1744790400,50.13,16.44
1744794000,50.13,16.71
1744797600,50.13,17.67
1744801200,487.63,17.84
1744804800,487.63,23.19
1744808400,487.63,15.84
1744812000,487.63,15.92
1744815600,487.63,15.71
1744819200,54.98,14.13
1744822800,54.98,4.71
1744826400,54.98,-7.51
1744830000,54.98,-23.61
1744833600,487.63,2.1
1744837200,487.63,0.0
1744840800,487.63,-0.01
1744844400,487.63,2.63
1744848000,50.13,2.82
1744851600,50.13,18.16
1744855200,50.13,10.64
1744858800,50.13,17.57
1743570000,50.13,21.19
1743573600,50.13,21.69
1743577200,50.13,19.08
1743580800,50.13,18.47
1743584400,50.13,23.76
1743588000,50.13,39.17
1743591600,487.63,35.93
1743595200,487.63,38.49
1743598800,487.63,35.53
1743602400,487.63,35.29
1743606000,487.63,46.8
1743609600,54.98,27.11
1743613200,54.98,17.91
1743616800,54.98,17.29
1743620400,54.98,20.16
1743624000,487.63,18.86
1743627600,487.63,30.92
1743631200,487.63,57.22
1743634800,487.63,35.23
1743638400,50.13,31.9
1743642000,50.13,21.65
1743645600,50.13,20.46
1743649200,50.13,23.55
1743652800,50.13,23.94
1743656400,50.13,22.42
1743660000,50.13,22.2
1743663600,50.13,22.07
1743667200,50.13,27.97
1743670800,50.13,35.24
1743674400,50.13,25.14
1743678000,487.63,22.02
1743681600,487.63,21.59
1743685200,487.63,21.52
1743688800,487.63,19.56
1743692400,487.63,19.23
1743696000,54.98,20.65
1743699600,54.98,20.52
1743703200,54.98,24.25
1743706800,54.98,35.7
1743710400,487.63,26.33
1743714000,487.63,33.48
1743717600,487.63,23.27
1743721200,487.63,22.6
1743724800,50.13,23.92
1743728400,50.13,21.38
1743732000,50.13,1.67
1743735600,50.13,18.45
1743739200,50.13,19.91
1743742800,50.13,18.61
1743746400,50.13,18.4
1743750000,50.13,19.34
1743753600,50.13,20.02
1743757200,50.13,20.52
1743760800,50.13,22.29
1743764400,487.63,26.32
1743768000,487.63,22.54
1743771600,487.63,29.27
1743775200,487.63,38.29
1743778800,487.63,30.34
1743782400,54.98,21.38
1743786000,54.98,3.2
1743789600,54.98,-0.01
1743793200,54.98,0.01
1743796800,487.63,0.0
1743800400,487.63,0.0
1743804000,487.63,-0.01
1743807600,487.63,0.0
1743811200,50.13,1.06
1743814800,50.13,-29.99
1743818400,50.13,0.0
1743822000,50.13,0.0
1743825600,50.13,-0.01
1743829200,50.13,0.0
1743832800,50.13,0.0
1743836400,50.13,-0.01
1743840000,50.13,0.0
1743843600,50.13,-0.01
1743847200,50.13,-0.01
1743850800,54.98,0.0
1743854400,54.98,0.0
1743858000,54.98,0.01
1743861600,54.98,0.0
1743865200,54.98,0.0
1743868800,54.98,0.0
1743872400,54.98,-0.01
1743876000,54.98,0.0
1743879600,54.98,-0.01
1743883200,54.98,-18.75
1743886800,54.98,-3.76
1743890400,54.98,0.0
1743894000,54.98,0.01
1743897600,50.13,0.0
1743901200,50.13,0.0
1743904800,50.13,0.0
1743908400,50.13,-0.01
1743912000,50.13,-0.01
1743915600,50.13,0.0
1743919200,50.13,0.0
1743922800,50.13,0.0
1743926400,50.13,0.0
1743930000,50.13,0.01
1743933600,50.13,0.0
1743937200,54.98,0.0
1743940800,54.98,-0.01
1743944400,54.98,0.0
1743948000,54.98,0.0
1743951600,54.98,4.34
1743955200,54.98,12.56
1743958800,54.98,15.44
1743962400,54.98,20.43
1743966000,54.98,27.49
1743969600,54.98,32.78
1743973200,54.98,33.05
1743976800,54.98,40.61
1743980400,54.98,33.04
1743984000,50.13,42.48
1743987600,50.13,37.12
1743991200,50.13,44.52
1743994800,50.13,30.16
1743998400,50.13,35.26
1744002000,50.13,22.1
1744005600,50.13,21.82
1744009200,50.13,35.88
1744012800,50.13,23.74
1744016400,50.13,32.73
1744020000,50.13,21.82
1744023600,487.63,25.31
1744027200,487.63,20.95
1744030800,487.63,36.67
1744034400,487.63,20.59
1744038000,487.63,21.36
1744041600,54.98,16.73
1744045200,54.98,17.81
1744048800,54.98,18.69
1744052400,54.98,19.98
1744056000,487.63,23.01
1744059600,487.63,41.54
1744063200,487.63,40.01
1744066800,487.63,42.73
1744070400,50.13,40.22
1744074000,50.13,45.35
1744077600,50.13,53.71
1744081200,50.13,25.29
1744084800,50.13,44.79
1744088400,50.13,36.18
1744092000,50.13,19.83
1744095600,50.13,34.74
1744099200,50.13,23.31
1744102800,50.13,22.9
1744106400,50.13,23.68
1744110000,487.63,25.13
1744113600,487.63,20.35
1744117200,487.63,44.7
1744120800,487.63,19.54
1744124400,487.63,20.2
1744128000,54.98,19.12
1744131600,54.98,17.97
1744135200,54.98,16.96
1744138800,54.98,17.13
1744142400,487.63,18.28
1744146000,487.63,25.54
1744149600,487.63,38.78
1744153200,487.63,38.13
1744156800,50.13,29.61
1744160400,50.13,23.98
1744164000,50.13,26.29
1744167600,50.13,24.93
1744171200,50.13,20.3
1744174800,50.13,20.6
1744178400,50.13,20.7
1744182000,50.13,20.71
1744185600,50.13,28.86
1744189200,50.13,34.76
1744192800,50.13,24.15
1744196400,487.63,25.05
1744200000,487.63,23.37
1744203600,487.63,20.07
1744207200,487.63,18.7
1744210800,487.63,1.71
1744214400,54.98,-1.87
1744218000,54.98,-9.31
1744221600,54.98,58.92
1744225200,54.98,18.33
1744228800,487.63,-2.76
1744232400,487.63,-21.0
1744236000,487.63,16.38
1744239600,487.63,27.66
1744243200,50.13,22.68
1744246800,50.13,38.13
1744250400,50.13,21.13
1744254000,50.13,17.79
1744257600,50.13,17.37
1744261200,50.13,18.33
1744264800,50.13,18.23
1744268400,50.13,19.0
1744272000,50.13,25.07
1744275600,50.13,43.75
1744279200,50.13,37.51
1744282800,487.63,30.27
1744286400,487.63,19.4
1744290000,487.63,18.16
1744293600,487.63,17.88
1744297200,487.63,17.34
1744300800,54.98,16.89
1744304400,54.98,17.33
1744308000,54.98,16.46
1744311600,54.98,16.72
1744315200,487.63,24.21
1744318800,487.63,33.46
1744322400,487.63,36.59
1744326000,487.63,35.79
1744329600,50.13,26.8
1744333200,50.13,31.63
1744336800,50.13,20.49
1744340400,50.13,19.97
1744344000,50.13,18.98
1744347600,50.13,19.66
1744351200,50.13,55.95
1744354800,50.13,55.72
1744358400,50.13,18.75
1744362000,50.13,20.98
1744365600,50.13,24.26
1744369200,487.63,20.23
1744372800,487.63,18.72
1744376400,487.63,18.22
1744380000,487.63,17.71
1744383600,487.63,17.88
1744387200,54.98,19.14
1744390800,54.98,19.46
1744394400,54.98,27.92
1744398000,54.98,21.03
1744401600,487.63,26.8
1744405200,487.63,27.82
1744408800,487.63,32.23
1744412400,487.63,31.46
1744416000,50.13,28.05
1744419600,50.13,27.4
1744423200,50.13,20.19
1744426800,50.13,18.06
1744430400,50.13,18.09
1744434000,50.13,19.15
1744437600,50.13,20.1
1744441200,50.13,20.55
1744444800,50.13,20.78
1744448400,50.13,27.73
1744452000,50.13,27.21
1744455600,54.98,0.01
1744459200,54.98,0.0
1744462800,54.98,8.18
1744466400,54.98,23.25
1744470000,54.98,30.83
1744473600,54.98,32.22
1744477200,54.98,21.76
1744480800,54.98,22.14
1744484400,54.98,13.96
1744488000,54.98,-0.01
1744491600,54.98,0.0
1744495200,54.98,-0.01
1744498800,54.98,0.0
1744502400,50.13,0.0
1744506000,50.13,0.0
1744509600,50.13,0.0
1744513200,50.13,0.0
1744516800,50.13,0.0
1744520400,50.13,0.0
1744524000,50.13,0.01
1744527600,50.13,0.0
1744531200,50.13,-0.01
1744534800,50.13,0.01
1744538400,50.13,0.0
1744542000,54.98,0.0
1744545600,54.98,0.0
1744549200,54.98,-0.01
1744552800,54.98,0.01
1744556400,54.98,-45.0
1744560000,54.98,-45.0
1744563600,54.98,-45.0
1744567200,54.98,-44.99
1744570800,54.98,-45.0
1744574400,54.98,-41.25
1744578000,54.98,-20.98
1744581600,54.98,-3.75
1744585200,54.98,0.0
1744588800,50.13,-26.25
1744592400,50.13,-22.5
1744596000,50.13,0.0
1744599600,50.13,-0.01
1744603200,50.13,-0.01
1744606800,50.13,1.37
1744610400,50.13,0.0
1744614000,50.13,0.0
1744617600,50.13,4.18
1744621200,50.13,1.41
1744624800,50.13,1.37
1744628400,487.63,4.07
1744632000,487.63,16.05
1744635600,487.63,10.08
1744639200,487.63,-2.69
1744642800,487.63,4.33
1744646400,54.98,-15.64
1744650000,54.98,14.78
1744653600,54.98,14.74
1744657200,54.98,15.38
1744660800,487.63,16.86
1744664400,487.63,16.59
1744668000,487.63,22.07
1744671600,487.63,29.22
1744675200,50.13,20.21
1744678800,50.13,15.89
1744682400,50.13,21.89
1744686000,50.13,35.16
1744689600,50.13,25.53
1744693200,50.13,5.34
1744696800,50.13,0.0
1744700400,50.13,0.0
1744704000,50.13,0.0
1744707600,50.13,0.01
1744711200,50.13,6.97
1744714800,487.63,13.95
1744718400,487.63,14.21
1744722000,487.63,14.46
1744725600,487.63,15.54
1744729200,487.63,7.51
1744732800,54.98,29.15
1744736400,54.98,16.53
1744740000,54.98,26.4
1744743600,54.98,22.8
1744747200,487.63,32.95
1744750800,487.63,24.96
1744754400,487.63,36.86
1744758000,487.63,45.23
1744761600,50.13,36.5
1744765200,50.13,24.66
1744768800,50.13,26.59
1744772400,50.13,37.75
1744776000,50.13,25.45
1744779600,50.13,20.65
1744783200,50.13,20.19
1744786800,50.13,21.95
1744790400,50.13,32.02
1744794000,50.13,51.16
1744797600,50.13,30.14
1744801200,487.63,63.07
1744804800,487.63,47.61
1744808400,487.63,18.78
1744812000,487.63,18.58
1744815600,487.63,17.09
1744819200,54.98,18.96
1744822800,54.98,20.06
1744826400,54.98,35.41
1744830000,54.98,40.27
1744833600,487.63,30.43
1744837200,487.63,29.44
1744840800,487.63,50.88
1744844400,487.63,48.13
1744848000,50.13,57.51
1744851600,50.13,30.16
1744855200,50.13,20.17
1744858800,50.13,17.3
1744862400,50.13,15.82
1744866000,50.13,15.45
1744869600,50.13,15.63
1744873200,50.13,16.51
1744876800,50.13,18.37
1744880400,50.13,34.16
1744884000,50.13,19.36
1744887600,487.63,17.15
1744891200,487.63,15.89
1744894800,487.63,15.21
1744898400,487.63,15.16
1744902000,487.63,7.05
1744905600,54.98,8.16
1744909200,54.98,0.0
1744912800,54.98,0.0
1744916400,54.98,0.0
1744920000,487.63,-3.74
1744923600,487.63,-3.76
1744927200,487.63,0.0
1744930800,487.63,0.0
1744934400,50.13,1.59
1744938000,50.13,1.41
1744941600,50.13,12.24
1744945200,50.13,16.85
1744948800,50.13,15.53
1744952400,50.13,15.42
1744956000,50.13,15.19
1744959600,50.13,15.53
1744963200,50.13,2.61
1744966800,50.13,6.43
1744970400,50.13,22.07
1744974000,487.63,7.22
1744977600,487.63,13.35
1744981200,487.63,15.58
1744984800,487.63,15.43
1744988400,487.63,15.39
1744992000,54.98,16.5
1744995600,54.98,23.31
1744999200,54.98,65.71
1745002800,54.98,25.75
1745006400,487.63,27.52
1745010000,487.63,21.07
1745013600,487.63,27.99
1745017200,487.63,26.98
1745020800,50.13,26.07
1745024400,50.13,19.81
1745028000,50.13,16.1
1745031600,50.13,17.0
1745035200,50.13,16.12
1745038800,50.13,15.95
1745042400,50.13,15.88
1745046000,50.13,16.32
1745049600,50.13,17.1
1745053200,50.13,17.55
1745056800,50.13,18.16
1745060400,54.98,31.15
1745064000,54.98,25.55
1745067600,54.98,23.78
1745071200,54.98,21.0
1745074800,54.98,27.34
1745078400,54.98,27.41
1745082000,54.98,24.87
1745085600,54.98,28.86
1745089200,54.98,29.9
1745092800,54.98,33.15
1745096400,54.98,34.82
1745100000,54.98,31.05
1745103600,54.98,22.19
1745107200,50.13,23.46
1745110800,50.13,22.55
1745114400,50.13,20.49
1745118000,50.13,1.65
1745121600,50.13,0.0
1745125200,50.13,12.07
1745128800,50.13,17.98
1745132400,50.13,19.26
1745136000,50.13,25.91
1745139600,50.13,29.74
1745143200,50.13,23.17
1745146800,54.98,20.7
1745150400,54.98,16.85
1745154000,54.98,15.12
1745157600,54.98,3.0
1745161200,54.98,-17.91
1745164800,54.98,8.99
1745168400,54.98,14.63
1745172000,54.98,11.95
1745175600,54.98,11.42
1745179200,54.98,-0.01
1745182800,54.98,12.22
1745186400,54.98,24.22
1745190000,54.98,26.74
1745193600,50.13,29.9
1745197200,50.13,23.53
1745200800,50.13,1.4
1745204400,50.13,13.32
1745208000,50.13,9.08
1745211600,50.13,0.0
1745215200,50.13,0.0
1745218800,50.13,4.56
1745222400,50.13,13.63
1745226000,50.13,18.78
1745229600,50.13,25.97
1745233200,487.63,36.39
1745236800,487.63,49.16
1745240400,487.63,42.47
1745244000,487.63,29.86
1745247600,487.63,18.98
1745251200,54.98,53.96
1745254800,54.98,20.9
1745258400,54.98,20.29
1745262000,54.98,17.84
1745265600,487.63,19.89
1745269200,487.63,28.58
1745272800,487.63,26.36
1745276400,487.63,25.59
1745280000,50.13,28.06
1745283600,50.13,20.05
1745287200,50.13,7.78
1745290800,50.13,7.11
1745294400,50.13,17.13
1745298000,50.13,16.47
1745301600,50.13,16.56
1745305200,50.13,17.42
1745308800,50.13,18.42
1745312400,50.13,19.24
1745316000,50.13,16.59
1745319600,487.63,16.34
1745323200,487.63,16.84
1745326800,487.63,17.01
1745330400,487.63,27.14
1745334000,487.63,60.93
1745337600,54.98,23.58
1745341200,54.98,11.58
1745344800,54.98,16.98
1745348400,54.98,20.24
1745352000,487.63,34.15
1745355600,487.63,34.63
1745359200,487.63,40.82
1745362800,487.63,44.16
1745366400,50.13,37.59
1745370000,50.13,26.52
1745373600,50.13,14.88
1745377200,50.13,17.4
1745380800,50.13,6.45
1745384400,50.13,0.01
1745388000,50.13,0.0
1745391600,50.13,-15.0
1745395200,50.13,-26.25
1745398800,50.13,0.0
1745402400,50.13,-18.75
1745406000,487.63,-37.52
1745409600,487.63,-45.0
1745413200,487.63,-45.0
1745416800,487.63,-45.0
1745420400,487.63,-45.0
1745424000,54.98,-45.0
1745427600,54.98,-45.0
1745431200,54.98,-45.01
1745434800,54.98,-17.51
1745438400,487.63,1.74
1745442000,487.63,9.75
1745445600,487.63,42.28
1745449200,487.63,48.73
1745452800,50.13,35.16
1745456400,50.13,23.97
1745460000,50.13,19.84
1745463600,50.13,18.45
1745467200,50.13,19.67
1745470800,50.13,19.99
1745474400,50.13,20.04
1745478000,50.13,16.2
1745481600,50.13,3.26
1745485200,50.13,0.0
1745488800,50.13,18.81
1745492400,487.63,16.86
1745496000,487.63,13.29
1745499600,487.63,-20.16
1745503200,487.63,-15.25
1745506800,487.63,-29.03
1745510400,54.98,-55.81
1745514000,54.98,-42.7
1745517600,54.98,-43.45
1745521200,54.98,-29.87
1745524800,487.63,-8.09
1745528400,487.63,3.46
1745532000,487.63,14.43
1745535600,487.63,10.71
1745539200,50.13,-22.74
1745542800,50.13,-12.45
1745546400,50.13,16.38
1745550000,50.13,15.69
1745553600,50.13,16.08
1745557200,50.13,15.61
1745560800,50.13,15.79
1745564400,50.13,4.12
1745568000,50.13,14.14
1745571600,50.13,19.66
1745575200,50.13,23.06
1745578800,487.63,23.06
1745582400,487.63,21.13
1745586000,487.63,24.1
1745589600,487.63,18.61
1745593200,487.63,16.69
1745596800,54.98,12.57
1745600400,54.98,15.33
1745604000,54.98,15.87
1745607600,54.98,17.31
1745611200,487.63,17.89
1745614800,487.63,-2.14
1745618400,487.63,-47.29
1745622000,487.63,-45.0
1745625600,50.13,-45.0
1745629200,50.13,-45.01
1745632800,50.13,-45.0
1745636400,50.13,-45.0
1745640000,50.13,-45.0
1745643600,50.13,-26.25
1745647200,50.13,-18.75
1745650800,50.13,0.0
1745654400,50.13,-0.01
1745658000,50.13,-0.01
1745661600,50.13,-22.51
1745665200,54.98,-45.0
1745668800,54.98,-44.99
1745672400,54.98,-31.88
1745676000,54.98,-1.37
1745679600,54.98,-0.54
1745683200,54.98,3.07
1745686800,54.98,-3.84
1745690400,54.98,-34.32
1745694000,54.98,-8.0
1745697600,54.98,17.13
1745701200,54.98,18.21
1745704800,54.98,19.92
1745708400,54.98,25.62
1745712000,50.13,25.89
1745715600,50.13,25.09
1745719200,50.13,20.26
1745722800,50.13,19.21
1745726400,50.13,19.17
1745730000,50.13,19.84
1745733600,50.13,19.13
1745737200,50.13,18.19
1745740800,50.13,19.74
1745744400,50.13,20.39
1745748000,50.13,20.48
1745751600,54.98,17.95
1745755200,54.98,16.99
1745758800,54.98,16.06
1745762400,54.98,4.37
1745766000,54.98,4.07
1745769600,54.98,15.01
1745773200,54.98,14.96
1745776800,54.98,11.19
1745780400,54.98,14.77
1745784000,54.98,16.58
1745787600,54.98,21.99
1745791200,54.98,28.78
1745794800,54.98,32.96
1745798400,50.13,30.68
1745802000,50.13,22.21
1745805600,50.13,31.72
1745809200,50.13,30.09
1745812800,50.13,26.93
1745816400,50.13,19.06
1745820000,50.13,19.11
1745823600,50.13,20.81
1745827200,50.13,42.57
1745830800,50.13,47.25
1745834400,50.13,20.76
1745838000,487.63,15.62
1745841600,487.63,16.25
1745845200,487.63,15.05
1745848800,487.63,14.48
1745852400,487.63,10.33
1745856000,54.98,10.37
1745859600,54.98,13.43
1745863200,54.98,12.93
1745866800,54.98,16.31
1745870400,487.63,21.75
1745874000,487.63,18.18
1745877600,487.63,34.11
1745881200,487.63,25.34
1745884800,50.13,30.13
1745888400,50.13,16.49
1745892000,50.13,15.35
1745895600,50.13,1.25
1745899200,50.13,-0.01
1745902800,50.13,0.0
1745906400,50.13,0.0
1745910000,50.13,13.07
1745913600,50.13,16.77
1745917200,50.13,9.79
1745920800,50.13,3.58
1745924400,487.63,14.61
1745928000,487.63,15.36
1745931600,487.63,17.34
1745935200,487.63,15.85
1745938800,487.63,14.38
1745942400,54.98,-10.73
1745946000,54.98,-13.81
1745949600,54.98,13.47
1745953200,54.98,30.45
1745956800,487.63,38.56
1745960400,487.63,41.25
1745964000,487.63,42.3
1745967600,487.63,39.4
1745971200,50.13,35.63
1745974800,50.13,19.55
1745978400,50.13,15.69
1745982000,50.13,28.36
1745985600,50.13,20.17
1745989200,50.13,18.45
1745992800,50.13,15.16
1745996400,50.13,13.66
1746000000,50.13,0.0
1746003600,50.13,10.64
1746007200,50.13,1.76
1746010800,487.63,0.0
1746014400,487.63,0.0
1746018000,487.63,0.01
1746021600,487.63,0.0
1746025200,487.63,3.07
1746028800,54.98,5.25
1746032400,54.98,0.49
1746036000,54.98,-0.84
1746039600,54.98,-57.26
1746043200,487.63,-35.39
1746046800,487.63,34.52
1746050400,487.63,25.92
1746054000,487.63,40.88
1746057600,50.13,36.93
1746061200,50.13,31.76
1746064800,50.13,17.89
1746068400,50.13,18.45
1746072000,50.13,16.92
1746075600,50.13,17.52
1746079200,50.13,16.99
1746082800,50.13,17.35
1746086400,50.13,17.11
1746090000,50.13,17.06
1746093600,50.13,19.26
1746097200,487.63,19.17
1746100800,487.63,17.54
1746104400,487.63,18.36
1746108000,487.63,18.11
1746111600,487.63,17.73
1746115200,54.98,17.12
1746118800,54.98,17.7
1746122400,54.98,19.04
1746126000,54.98,21.88
1746129600,487.63,24.76
1746133200,487.63,28.43
1746136800,487.63,34.39
1746140400,487.63,32.57
1746144000,50.13,27.82
1746147600,50.13,17.67
1746151200,50.13,17.0
