Date-Time,Dist,LMP
2/21/25 4:00,5.013,56.29
2/21/25 5:00,5.013,50.23
2/21/25 6:00,5.013,82.18
2/21/25 7:00,48.763,57.81
2/21/25 8:00,48.763,25.28
2/21/25 9:00,48.763,25.48
2/21/25 10:00,48.763,27.42
2/21/25 11:00,48.763,27.26
2/21/25 12:00,5.498,26.11
2/21/25 13:00,5.498,25.48
2/21/25 14:00,5.498,25.99
2/21/25 15:00,5.498,27.97
2/21/25 16:00,48.763,37.35
2/21/25 17:00,48.763,67.85
2/21/25 18:00,48.763,63.08
2/21/25 19:00,48.763,37.16
2/21/25 20:00,5.013,40.08
2/21/25 21:00,5.013,28.37
2/21/25 22:00,5.013,31.14
2/21/25 23:00,5.013,33.82
2/22/25 0:00,5.013,32.11
2/22/25 1:00,5.013,34.35
2/22/25 2:00,5.013,33.56
2/22/25 3:00,5.013,34.1
2/22/25 4:00,5.013,33.58
2/22/25 5:00,5.013,36.38
2/22/25 6:00,5.013,42.54
2/22/25 7:00,5.498,37.07
2/22/25 8:00,5.498,32.89
2/22/25 9:00,5.498,31.16
2/22/25 10:00,5.498,25.78
2/22/25 11:00,5.498,28.73
2/22/25 12:00,5.498,26.37
2/22/25 13:00,5.498,24.16
2/22/25 14:00,5.498,25.46
2/22/25 15:00,5.498,44.41
2/22/25 16:00,5.498,72.38
2/22/25 17:00,5.498,55.18
2/22/25 18:00,5.498,37.65
2/22/25 19:00,5.498,43.19
2/22/25 20:00,5.013,31.35
2/22/25 21:00,5.013,24.61
2/22/25 22:00,5.013,22.95
2/22/25 23:00,5.013,22.04
2/23/25 0:00,5.013,23.76
2/23/25 1:00,5.013,23.41
2/23/25 2:00,5.013,23.5
2/23/25 3:00,5.013,23.86
2/23/25 4:00,5.013,23.7
2/23/25 5:00,5.013,22.32
2/23/25 6:00,5.013,22.44
2/23/25 7:00,5.498,34.27
2/23/25 8:00,5.498,30.29
2/23/25 9:00,5.498,24.14
2/23/25 10:00,5.498,30.34
2/23/25 11:00,5.498,28.79
2/23/25 12:00,5.498,22.9
2/23/25 13:00,5.498,22.13
2/23/25 14:00,5.498,23.18
2/23/25 15:00,5.498,22.78
2/23/25 16:00,5.498,26.22
2/23/25 17:00,5.498,38.96
2/23/25 18:00,5.498,36.12
2/23/25 19:00,5.498,33.89
2/23/25 20:00,5.013,27.45
2/23/25 21:00,5.013,36.95
2/23/25 22:00,5.013,30.87
2/23/25 23:00,5.013,21.43
2/24/25 0:00,5.013,20.86
2/24/25 1:00,5.013,22.46
2/24/25 2:00,5.013,21.57
2/24/25 3:00,5.013,20.31
2/24/25 4:00,5.013,20.45
2/24/25 5:00,5.013,20.07
2/24/25 6:00,5.013,19.35
2/24/25 7:00,48.763,18.92
2/24/25 8:00,48.763,17.26
2/24/25 9:00,48.763,16.85
2/24/25 10:00,48.763,25.9
2/24/25 11:00,48.763,9.93
2/24/25 12:00,5.498,19.86
2/24/25 13:00,5.498,5.56
2/24/25 14:00,5.498,14.09
2/24/25 15:00,5.498,21.87
2/24/25 16:00,48.763,22.52
2/24/25 17:00,48.763,35.84
2/24/25 18:00,48.763,29.03
2/24/25 19:00,48.763,26.59
2/24/25 20:00,5.013,24.42
2/24/25 21:00,5.013,27.05
2/24/25 22:00,5.013,24.05
2/24/25 23:00,5.013,22.55
2/25/25 0:00,5.013,23.51
2/25/25 1:00,5.013,23.06
2/25/25 2:00,5.013,21.3
2/25/25 3:00,5.013,23.74
2/25/25 4:00,5.013,21.61
2/25/25 5:00,5.013,23.95
2/25/25 6:00,5.013,24.51
2/25/25 7:00,48.763,23.37
2/25/25 8:00,48.763,5.05
2/25/25 9:00,48.763,14.05
2/25/25 10:00,48.763,21.34
2/25/25 11:00,48.763,16.1
2/25/25 12:00,5.498,20.3
2/25/25 13:00,5.498,15.18
2/25/25 14:00,5.498,20.82
2/25/25 15:00,5.498,-3.26
2/25/25 16:00,48.763,32.63
2/25/25 17:00,48.763,61.29
2/25/25 18:00,48.763,77.9
2/25/25 19:00,48.763,60.02
2/25/25 20:00,5.013,34.46
2/25/25 21:00,5.013,26.14
2/25/25 22:00,5.013,22.1
2/25/25 23:00,5.013,21.1
2/26/25 0:00,5.013,23.3
2/26/25 1:00,5.013,22.17
2/26/25 2:00,5.013,22.36
2/26/25 3:00,5.013,22.59
2/26/25 4:00,5.013,22.01
2/26/25 5:00,5.013,24.34
2/26/25 6:00,5.013,31.65
2/26/25 7:00,48.763,45.99
2/26/25 8:00,48.763,31.59
2/26/25 9:00,48.763,28.29
2/26/25 10:00,48.763,22.91
2/26/25 11:00,48.763,18.7
2/26/25 12:00,5.498,17.68
2/26/25 13:00,5.498,16.34
2/26/25 14:00,5.498,16.24
2/26/25 15:00,5.498,18.43
2/26/25 16:00,48.763,19.28
2/26/25 17:00,48.763,29.95
2/26/25 18:00,48.763,35.29
2/26/25 19:00,48.763,25.14
2/26/25 20:00,5.013,32.88
2/26/25 21:00,5.013,27.7
2/26/25 22:00,5.013,30.87
2/26/25 23:00,5.013,21.36
2/27/25 0:00,5.013,3.11
2/27/25 1:00,5.013,5.62
2/27/25 2:00,5.013,17.42
2/27/25 3:00,5.013,17.29
2/27/25 4:00,5.013,17.16
2/27/25 5:00,5.013,17.24
2/27/25 6:00,5.013,19.5
2/27/25 7:00,48.763,19.94
2/27/25 8:00,48.763,17.44
2/27/25 9:00,48.763,13.86
2/27/25 10:00,48.763,15.23
2/27/25 11:00,48.763,15.33
2/27/25 12:00,5.498,15.18
2/27/25 13:00,5.498,14.87
2/27/25 14:00,5.498,14.75
2/27/25 15:00,5.498,15.42
2/27/25 16:00,48.763,15.89
2/27/25 17:00,48.763,20.59
2/27/25 18:00,48.763,18.76
2/27/25 19:00,48.763,30.57
2/27/25 20:00,5.013,22.32
2/27/25 21:00,5.013,16.27
2/27/25 22:00,5.013,15.42
2/27/25 23:00,5.013,14.96
2/28/25 0:00,5.013,14.89
2/28/25 1:00,5.013,12.03
2/28/25 2:00,5.013,5.85
2/28/25 3:00,5.013,4.99
2/28/25 4:00,5.013,11.73
2/28/25 5:00,5.013,11.88
2/28/25 6:00,5.013,13.8
2/28/25 7:00,48.763,34.26
2/28/25 8:00,48.763,18.01
2/28/25 9:00,48.763,50.97
2/28/25 10:00,48.763,23.75
2/28/25 11:00,48.763,34.19
2/28/25 12:00,5.498,17.94
2/28/25 13:00,5.498,34.41
2/28/25 14:00,5.498,18.95
2/28/25 15:00,5.498,42.85
2/28/25 16:00,48.763,40.18
2/28/25 17:00,48.763,36.66
2/28/25 18:00,48.763,22.27
2/28/25 19:00,48.763,22.2
2/28/25 20:00,5.013,7.01
2/28/25 21:00,5.013,17.49
2/28/25 22:00,5.013,-0.01
2/28/25 23:00,5.013,-8.55
3/1/25 0:00,5.013,0
3/1/25 1:00,5.013,0
3/1/25 2:00,5.013,6.99
3/1/25 3:00,5.013,0
3/1/25 4:00,5.013,0
3/1/25 5:00,5.013,0
3/1/25 6:00,5.013,0
3/1/25 7:00,5.498,0.01
3/1/25 8:00,5.498,0
3/1/25 9:00,5.498,3.48
3/1/25 10:00,5.498,0
3/1/25 11:00,5.498,3.2
3/1/25 12:00,5.498,0
3/1/25 13:00,5.498,-0.01
3/1/25 14:00,5.498,0
3/1/25 15:00,5.498,0
3/1/25 16:00,5.498,0
3/1/25 17:00,5.498,4.28
3/1/25 18:00,5.498,21.72
3/1/25 19:00,5.498,23.9
3/1/25 20:00,5.013,10.98
3/1/25 21:00,5.013,0
3/1/25 22:00,5.013,3.5
3/1/25 23:00,5.013,20.95
3/2/25 0:00,5.013,23.97
3/2/25 1:00,5.013,62.62
3/2/25 2:00,5.013,29.66
3/2/25 3:00,5.013,39.85
3/2/25 4:00,5.013,22.94
3/2/25 5:00,5.013,44.81
3/2/25 6:00,5.013,64.72
3/2/25 7:00,5.498,44.41
3/2/25 8:00,5.498,49.94
3/2/25 9:00,5.498,22.47
3/2/25 10:00,5.498,22.33
3/2/25 11:00,5.498,18.85
3/2/25 12:00,5.498,15.35
3/2/25 13:00,5.498,15.07
3/2/25 14:00,5.498,16.44
3/2/25 15:00,5.498,18.02
3/2/25 16:00,5.498,44.95
3/2/25 17:00,5.498,39.56
3/2/25 18:00,5.498,30.46
3/2/25 19:00,5.498,36.02
3/2/25 20:00,5.013,27.83
3/2/25 21:00,5.013,28.05
3/2/25 22:00,5.013,25.33
3/2/25 23:00,5.013,20.16
3/3/25 0:00,5.013,19.09
3/3/25 1:00,5.013,19.46
3/3/25 2:00,5.013,19.37
3/3/25 3:00,5.013,19.08
3/3/25 4:00,5.013,19.55
3/3/25 5:00,5.013,19.4
3/3/25 6:00,5.013,18.26
3/3/25 7:00,48.763,19.04
3/3/25 8:00,48.763,19
3/3/25 9:00,48.763,18.03
3/3/25 10:00,48.763,18.53
3/3/25 11:00,48.763,21.4
3/3/25 12:00,5.498,55.25
3/3/25 13:00,5.498,32.43
3/3/25 14:00,5.498,33.45
3/3/25 15:00,5.498,27.38
3/3/25 16:00,48.763,29.07
3/3/25 17:00,48.763,31.22
3/3/25 18:00,48.763,36.79
3/3/25 19:00,48.763,27.52
3/3/25 20:00,5.013,25.94
3/3/25 21:00,5.013,20.63
3/3/25 22:00,5.013,17.34
3/3/25 23:00,5.013,16.93
3/4/25 0:00,5.013,18.12
3/4/25 1:00,5.013,17.31
3/4/25 2:00,5.013,16.69
3/4/25 3:00,5.013,16.81
3/4/25 4:00,5.013,17.3
3/4/25 5:00,5.013,17.27
3/4/25 6:00,5.013,18.14
3/4/25 7:00,48.763,18.19
3/4/25 8:00,48.763,17.17
3/4/25 9:00,48.763,17.18
3/4/25 10:00,48.763,15.67
3/4/25 11:00,48.763,-22.91
3/4/25 12:00,5.498,16.22
3/4/25 13:00,5.498,15.1
3/4/25 14:00,5.498,14.56
3/4/25 15:00,5.498,15.33
3/4/25 16:00,48.763,17.03
3/4/25 17:00,48.763,18.77
3/4/25 18:00,48.763,17.76
3/4/25 19:00,48.763,21.5
3/4/25 20:00,5.013,30.96
3/4/25 21:00,5.013,18.45
3/4/25 22:00,5.013,16.89
3/4/25 23:00,5.013,15.55
3/5/25 0:00,5.013,15.74
3/5/25 1:00,5.013,15.6
3/5/25 2:00,5.013,14.98
3/5/25 3:00,5.013,14.59
3/5/25 4:00,5.013,13.88
3/5/25 5:00,5.013,11.08
3/5/25 6:00,5.013,14.86
3/5/25 7:00,48.763,15.78
3/5/25 8:00,48.763,15.11
3/5/25 9:00,48.763,14.76
3/5/25 10:00,48.763,15.66
3/5/25 11:00,48.763,15.46
3/5/25 12:00,5.498,15
3/5/25 13:00,5.498,14.8
3/5/25 14:00,5.498,14.76
3/5/25 15:00,5.498,16.42
3/5/25 16:00,48.763,17.28
3/5/25 17:00,48.763,17.6
3/5/25 18:00,48.763,17.95
3/5/25 19:00,48.763,18.89
3/5/25 20:00,5.013,18.08
3/5/25 21:00,5.013,18.23
3/5/25 22:00,5.013,16.7
3/5/25 23:00,5.013,15.99
3/6/25 0:00,5.013,17.31
3/6/25 1:00,5.013,16.24
3/6/25 2:00,5.013,15.82
3/6/25 3:00,5.013,15.46
3/6/25 4:00,5.013,15.95
3/6/25 5:00,5.013,16.06
3/6/25 6:00,5.013,18.05
3/6/25 7:00,48.763,17.76
3/6/25 8:00,48.763,19.49
3/6/25 9:00,48.763,19.67
3/6/25 10:00,48.763,23.11
3/6/25 11:00,48.763,26.53
3/6/25 12:00,5.498,29.52
3/6/25 13:00,5.498,26.11
3/6/25 14:00,5.498,31.76
3/6/25 15:00,5.498,27
3/6/25 16:00,48.763,28.36
3/6/25 17:00,48.763,26.85
3/6/25 18:00,48.763,35.23
3/6/25 19:00,48.763,33.33
3/6/25 20:00,5.013,26.25
3/6/25 21:00,5.013,25.17
3/6/25 22:00,5.013,28.83
3/6/25 23:00,5.013,18.44
3/7/25 0:00,5.013,19.09
3/7/25 1:00,5.013,19.16
3/7/25 2:00,5.013,18.1
3/7/25 3:00,5.013,18.28
3/7/25 4:00,5.013,19.29
3/7/25 5:00,5.013,27.06
3/7/25 6:00,5.013,37.18
3/7/25 7:00,48.763,42.15
3/7/25 8:00,48.763,37.27
3/7/25 9:00,48.763,46.3
3/7/25 10:00,48.763,35.92
3/7/25 11:00,48.763,39.79
3/7/25 12:00,5.498,55.46
3/7/25 13:00,5.498,66.41
3/7/25 14:00,5.498,34.55
3/7/25 15:00,5.498,27.32
3/7/25 16:00,48.763,47.03
3/7/25 17:00,48.763,43.48
3/7/25 18:00,48.763,37.24
3/7/25 19:00,48.763,30.17
3/7/25 20:00,5.013,34.33
3/7/25 21:00,5.013,35.28
3/7/25 22:00,5.013,43.9
3/7/25 23:00,5.013,21.67
3/8/25 0:00,5.013,19.56
3/8/25 1:00,5.013,24.35
3/8/25 2:00,5.013,26.19
3/8/25 3:00,5.013,23.05
3/8/25 4:00,5.013,27.63
3/8/25 5:00,5.013,48.05
3/8/25 6:00,5.013,40.07
3/8/25 7:00,5.498,42.24
3/8/25 8:00,5.498,32.31
3/8/25 9:00,5.498,35.45
3/8/25 10:00,5.498,22.79
3/8/25 11:00,5.498,22.82
3/8/25 12:00,5.498,21.68
3/8/25 13:00,5.498,22.36
3/8/25 14:00,5.498,22.42
3/8/25 15:00,5.498,27.96
3/8/25 16:00,5.498,32.01
3/8/25 17:00,5.498,29.28
3/8/25 18:00,5.498,31.03
3/8/25 19:00,5.498,30.63
3/8/25 20:00,5.013,26.22
3/8/25 21:00,5.013,26.87
3/8/25 22:00,5.013,21.04
3/8/25 23:00,5.013,19.83
3/9/25 0:00,5.013,19.73
3/9/25 1:00,5.013,18.38
3/9/25 2:00,5.013,19.31
3/9/25 3:00,5.013,19.99
3/9/25 4:00,5.013,20.9
3/9/25 5:00,5.013,23.89
3/9/25 6:00,5.013,40.86
3/9/25 7:00,5.498,21.38
3/9/25 8:00,5.498,17.54
3/9/25 9:00,5.498,16.69
3/9/25 10:00,5.498,16.61
3/9/25 11:00,5.498,16.52
3/9/25 12:00,5.498,16.04
3/9/25 13:00,5.498,16.18
3/9/25 14:00,5.498,16.01
3/9/25 15:00,5.498,17.26
3/9/25 16:00,5.498,23.22
3/9/25 17:00,5.498,26.24
3/9/25 18:00,5.498,29.91
3/9/25 19:00,5.498,25.76
3/9/25 20:00,5.013,19.52
3/9/25 21:00,5.013,20.14
3/9/25 22:00,5.013,18.4
3/9/25 23:00,5.013,18.61
3/10/25 0:00,5.013,17.73
3/10/25 1:00,5.013,17.85
3/10/25 2:00,5.013,17.47
3/10/25 4:00,5.013,17.25
3/10/25 5:00,5.013,17.18
3/10/25 6:00,5.013,16.86
3/10/25 7:00,48.763,16.68
3/10/25 8:00,48.763,16.96
3/10/25 9:00,48.763,18.69
3/10/25 10:00,48.763,22.3
3/10/25 11:00,48.763,23.23
3/10/25 12:00,5.498,20.4
3/10/25 13:00,5.498,21.06
3/10/25 14:00,5.498,20.79
3/10/25 15:00,5.498,22.99
3/10/25 16:00,48.763,28
3/10/25 17:00,48.763,26.49
3/10/25 18:00,48.763,26.07
3/10/25 19:00,48.763,22.3
3/10/25 20:00,5.013,24.94
3/10/25 21:00,5.013,22.02
3/10/25 22:00,5.013,25.24
3/10/25 23:00,5.013,18.76
3/11/25 0:00,5.013,18.31
3/11/25 1:00,5.013,19.25
3/11/25 2:00,5.013,18.79
3/11/25 3:00,5.013,17.98
3/11/25 4:00,5.013,17.17
3/11/25 5:00,5.013,17.09
3/11/25 6:00,5.013,17.08
3/11/25 7:00,48.763,16.51
3/11/25 8:00,48.763,16.1
3/11/25 9:00,48.763,11.52
3/11/25 10:00,48.763,10.73
3/11/25 11:00,48.763,-0.01
3/11/25 12:00,5.498,-0.01
3/11/25 13:00,5.498,0
3/11/25 14:00,5.498,2.75
3/11/25 15:00,5.498,10.74
3/11/25 16:00,48.763,16.63
3/11/25 17:00,48.763,27.63
3/11/25 18:00,48.763,20.65
3/11/25 19:00,48.763,22.48
3/11/25 20:00,5.013,21.96
3/11/25 21:00,5.013,33.06
3/11/25 22:00,5.013,27.51
3/11/25 23:00,5.013,15.62
3/12/25 0:00,5.013,16.34
3/12/25 1:00,5.013,17.87
3/12/25 2:00,5.013,17.49
3/12/25 3:00,5.013,17.33
3/12/25 4:00,5.013,16.37
3/12/25 5:00,5.013,24.18
3/12/25 6:00,5.013,39.52
3/12/25 7:00,48.763,28.77
3/12/25 8:00,48.763,23.01
3/12/25 9:00,48.763,19.92
3/12/25 10:00,48.763,19.17
3/12/25 11:00,48.763,18.06
3/12/25 12:00,5.498,17.11
3/12/25 13:00,5.498,16.42
3/12/25 14:00,5.498,-3.02
3/12/25 15:00,5.498,4.66
3/12/25 16:00,48.763,12.9
3/12/25 17:00,48.763,14.57
3/12/25 18:00,48.763,18.98
3/12/25 19:00,48.763,14.3
3/12/25 20:00,5.013,8.81
3/12/25 21:00,5.013,3.33
3/12/25 22:00,5.013,4.35
3/12/25 23:00,5.013,16.6
3/13/25 0:00,5.013,16.2
3/13/25 1:00,5.013,5.99
3/13/25 2:00,5.013,15.8
3/13/25 3:00,5.013,16.84
3/13/25 4:00,5.013,18.41
3/13/25 5:00,5.013,22.06
3/13/25 6:00,5.013,30.56
3/13/25 7:00,48.763,19.74
3/13/25 8:00,48.763,23.71
3/13/25 9:00,48.763,15.67
3/13/25 10:00,48.763,14.76
3/13/25 11:00,48.763,14.52
3/13/25 12:00,5.498,9.51
3/13/25 13:00,5.498,1.3
3/13/25 14:00,5.498,-1.02
3/13/25 15:00,5.498,-8.29
3/13/25 16:00,48.763,7.75
3/13/25 17:00,48.763,14.23
3/13/25 18:00,48.763,23.16
3/13/25 19:00,48.763,27.63
3/13/25 20:00,5.013,20.22
3/13/25 21:00,5.013,18.3
3/13/25 22:00,5.013,17.1
3/13/25 23:00,5.013,15.84
3/14/25 0:00,5.013,15.39
3/14/25 1:00,5.013,14.91
3/14/25 2:00,5.013,15.32
3/14/25 3:00,5.013,15.4
3/14/25 4:00,5.013,15.35
3/14/25 5:00,5.013,21.67
3/14/25 6:00,5.013,23.23
3/14/25 7:00,48.763,29.27
3/14/25 8:00,48.763,21.9
3/14/25 9:00,48.763,15.22
3/14/25 10:00,48.763,15.25
3/14/25 11:00,48.763,14.78
3/14/25 12:00,5.498,14.06
3/14/25 13:00,5.498,13.7
3/14/25 14:00,5.498,4.44
3/14/25 15:00,5.498,11.56
3/14/25 16:00,48.763,12.43
3/14/25 17:00,48.763,14.81
3/14/25 18:00,48.763,20.6
3/14/25 19:00,48.763,26.88
3/14/25 20:00,5.013,21.32
3/14/25 21:00,5.013,24.88
3/14/25 22:00,5.013,19.31
3/14/25 23:00,5.013,17.39
3/15/25 0:00,5.013,17.69
3/15/25 1:00,5.013,17.87
3/15/25 2:00,5.013,17.16
3/15/25 3:00,5.013,17.44
3/15/25 4:00,5.013,18.01
3/15/25 5:00,5.013,21.88
3/15/25 6:00,5.013,24.54
3/15/25 7:00,5.498,24.32
3/15/25 8:00,5.498,17.56
3/15/25 9:00,5.498,17.06
3/15/25 10:00,5.498,15.02
3/15/25 11:00,5.498,13.19
3/15/25 12:00,5.498,13.8
3/15/25 13:00,5.498,13.96
3/15/25 14:00,5.498,13.75
3/15/25 15:00,5.498,13.9
3/15/25 16:00,5.498,14.71
3/15/25 17:00,5.498,18.68
3/15/25 18:00,5.498,22.24
3/15/25 19:00,5.498,27.1
3/15/25 20:00,5.013,18.58
3/15/25 21:00,5.013,20.46
3/15/25 22:00,5.013,16.89
3/15/25 23:00,5.013,15.31
3/16/25 0:00,5.013,15.72
3/16/25 1:00,5.013,14.22
3/16/25 2:00,5.013,13.47
3/16/25 3:00,5.013,12.87
3/16/25 4:00,5.013,14.21
3/16/25 5:00,5.013,13.1
3/16/25 6:00,5.013,16.21
3/16/25 7:00,5.498,18.64
3/16/25 8:00,5.498,25.05
3/16/25 9:00,5.498,19.37
3/16/25 10:00,5.498,19.75
3/16/25 11:00,5.498,18.28
3/16/25 12:00,5.498,17.79
3/16/25 13:00,5.498,18.6
3/16/25 14:00,5.498,20.95
3/16/25 15:00,5.498,21.9
3/16/25 16:00,5.498,25.29
3/16/25 17:00,5.498,18.81
3/16/25 18:00,5.498,21.72
3/16/25 19:00,5.498,20.79
3/16/25 20:00,5.013,19.89
3/16/25 21:00,5.013,20.1
3/16/25 22:00,5.013,17.92
3/16/25 23:00,5.013,16.31
3/17/25 0:00,5.013,19.61
3/17/25 1:00,5.013,18.6
3/17/25 2:00,5.013,17.74
3/17/25 3:00,5.013,17.77
3/17/25 4:00,5.013,17.9
3/17/25 5:00,5.013,18.59
3/17/25 6:00,5.013,24.83
3/17/25 7:00,48.763,23.13
3/17/25 8:00,48.763,19.96
3/17/25 9:00,48.763,18.29
3/17/25 10:00,48.763,15.63
3/17/25 11:00,48.763,11.87
3/17/25 12:00,5.498,14.41
3/17/25 13:00,5.498,14.55
3/17/25 14:00,5.498,14.81
3/17/25 15:00,5.498,14.55
3/17/25 16:00,48.763,14.73
3/17/25 17:00,48.763,16.41
3/17/25 18:00,48.763,17.93
3/17/25 19:00,48.763,30.94
3/17/25 20:00,5.013,22.72
3/17/25 21:00,5.013,18.69
3/17/25 22:00,5.013,16.55
3/17/25 23:00,5.013,16.69
3/18/25 0:00,5.013,17.8
3/18/25 1:00,5.013,15.61
3/18/25 2:00,5.013,14.58
3/18/25 3:00,5.013,14.16
3/18/25 4:00,5.013,14.69
3/18/25 5:00,5.013,14.77
3/18/25 6:00,5.013,14.89
3/18/25 7:00,48.763,19.96
3/18/25 8:00,48.763,34.6
3/18/25 9:00,48.763,23.22
3/18/25 10:00,48.763,15.1
3/18/25 11:00,48.763,1.69
3/18/25 12:00,5.498,1.85
3/18/25 13:00,5.498,11.91
3/18/25 14:00,5.498,11.74
3/18/25 15:00,5.498,13.85
3/18/25 16:00,48.763,4.97
3/18/25 17:00,48.763,15.87
3/18/25 18:00,48.763,18.9
3/18/25 19:00,48.763,19.18
3/18/25 20:00,5.013,17.73
3/18/25 21:00,5.013,19.19
3/18/25 22:00,5.013,17.99
3/18/25 23:00,5.013,14.03
3/19/25 0:00,5.013,15.45
3/19/25 1:00,5.013,14.59
3/19/25 2:00,5.013,14.35
3/19/25 3:00,5.013,14.53
3/19/25 4:00,5.013,14.87
3/19/25 5:00,5.013,16.28
3/19/25 6:00,5.013,15.92
3/19/25 7:00,48.763,17.92
3/19/25 8:00,48.763,20.2
3/19/25 9:00,48.763,16.87
3/19/25 10:00,48.763,13.88
3/19/25 11:00,48.763,14.41
3/19/25 12:00,5.498,3.22
3/19/25 13:00,5.498,7.78
3/19/25 14:00,5.498,2.31
3/19/25 15:00,5.498,11.97
3/19/25 16:00,48.763,14.83
3/19/25 17:00,48.763,18.93
3/19/25 18:00,48.763,21.09
3/19/25 19:00,48.763,18.66
3/19/25 20:00,5.013,21.43
3/19/25 21:00,5.013,22.68
3/19/25 22:00,5.013,24.38
3/19/25 23:00,5.013,18.19
3/20/25 0:00,5.013,18.38
3/20/25 1:00,5.013,17.17
3/20/25 2:00,5.013,16.68
3/20/25 3:00,5.013,16.74
3/20/25 4:00,5.013,17.62
3/20/25 5:00,5.013,18.72
3/20/25 6:00,5.013,23.03
3/20/25 7:00,48.763,25.26
3/20/25 8:00,48.763,16.56
3/20/25 9:00,48.763,18.86
3/20/25 10:00,48.763,17.09
3/20/25 11:00,48.763,16.41
3/20/25 12:00,5.498,16.35
3/20/25 13:00,5.498,17.04
3/20/25 14:00,5.498,16.6
3/20/25 15:00,5.498,16.45
3/20/25 16:00,48.763,16.96
3/20/25 17:00,48.763,15.92
3/20/25 18:00,48.763,19.4
3/20/25 19:00,48.763,21.84
3/20/25 20:00,5.013,22.71
3/20/25 21:00,5.013,23.91
3/20/25 22:00,5.013,23.1
3/20/25 23:00,5.013,19.49
3/21/25 0:00,5.013,19.88
3/21/25 1:00,5.013,19.51
3/21/25 2:00,5.013,19.27
3/21/25 3:00,5.013,18.96
3/21/25 4:00,5.013,19.37
3/21/25 5:00,5.013,19.83
3/21/25 6:00,5.013,34.04
3/21/25 7:00,48.763,42.79
3/21/25 8:00,48.763,30.565
3/21/25 9:00,48.763,18.34
3/21/25 10:00,48.763,19.04
3/21/25 11:00,48.763,23.83
3/21/25 12:00,5.498,53.59
3/21/25 13:00,5.498,19.65
3/21/25 14:00,5.498,37.98
3/21/25 15:00,5.498,25.09
3/21/25 16:00,48.763,19.16
3/21/25 17:00,48.763,31.6
3/21/25 18:00,48.763,20.32
3/21/25 19:00,48.763,21.5
3/21/25 20:00,5.013,24.32
3/21/25 21:00,5.013,28.8
3/21/25 22:00,5.013,29.59
3/21/25 23:00,5.013,20.46
3/22/25 0:00,5.013,18.55
3/22/25 1:00,5.013,25.58
3/22/25 2:00,5.013,23.77
3/22/25 3:00,5.013,23.26
3/22/25 4:00,5.013,23.75
3/22/25 5:00,5.013,23.18
3/22/25 6:00,5.013,37.73
3/22/25 7:00,5.498,28.48
3/22/25 8:00,5.498,18.8
3/22/25 9:00,5.498,18.5
3/22/25 10:00,5.498,9.51
3/22/25 11:00,5.498,0
3/22/25 12:00,5.498,0.01
3/22/25 13:00,5.498,0
3/22/25 14:00,5.498,-14.36
3/22/25 15:00,5.498,0.74
3/22/25 16:00,5.498,0
3/22/25 17:00,5.498,0
3/22/25 18:00,5.498,-0.01
3/22/25 19:00,5.498,0
3/22/25 20:00,5.013,0
3/22/25 21:00,5.013,0
3/22/25 22:00,5.013,0
3/22/25 23:00,5.013,0.01
3/23/25 0:00,5.013,0
3/23/25 1:00,5.013,0
3/23/25 2:00,5.013,0
3/23/25 3:00,5.013,0
3/23/25 4:00,5.013,0
3/23/25 5:00,5.013,4.66
3/23/25 6:00,5.013,11.62
3/23/25 7:00,5.498,-0.01
3/23/25 8:00,5.498,0
3/23/25 9:00,5.498,11.09
3/23/25 10:00,5.498,23.08
3/23/25 11:00,5.498,5.33
3/23/25 12:00,5.498,48.23
3/23/25 13:00,5.498,28.82
3/23/25 14:00,5.498,4.42
3/23/25 15:00,5.498,-0.01
3/23/25 16:00,5.498,0.01
3/23/25 17:00,5.498,0.01
3/23/25 18:00,5.498,15.17
3/23/25 19:00,5.498,23.03
3/23/25 20:00,5.013,34.63
3/23/25 21:00,5.013,32.25
3/23/25 22:00,5.013,18.12
3/23/25 23:00,5.013,20.28
3/24/25 0:00,5.013,22.99
3/24/25 1:00,5.013,24.91
3/24/25 2:00,5.013,27.47
3/24/25 3:00,5.013,31.84
3/24/25 4:00,5.013,30.82
3/24/25 5:00,5.013,26.92
3/24/25 6:00,5.013,39.85
3/24/25 7:00,48.763,35.93
3/24/25 8:00,48.763,38.07
3/24/25 9:00,48.763,45.48
3/24/25 10:00,48.763,51.11
3/24/25 11:00,48.763,46.27
3/24/25 12:00,5.498,46.35
3/24/25 13:00,5.498,40.49
3/24/25 14:00,5.498,41.46
3/24/25 15:00,5.498,41.68
3/24/25 16:00,48.763,45.46
3/24/25 17:00,48.763,51.18
3/24/25 18:00,48.763,43.35
3/24/25 19:00,48.763,27.56
3/24/25 20:00,5.013,28.34
3/24/25 21:00,5.013,24.54
3/24/25 22:00,5.013,27.16
3/24/25 23:00,5.013,37.05
3/25/25 0:00,5.013,38.46
3/25/25 1:00,5.013,23.42
3/25/25 2:00,5.013,23.35
3/25/25 3:00,5.013,17.18
3/25/25 4:00,5.013,9.31
3/25/25 5:00,5.013,20.62
3/25/25 6:00,5.013,27.27
3/25/25 7:00,48.763,26.1
3/25/25 8:00,48.763,32.57
3/25/25 9:00,48.763,24.9
3/25/25 10:00,48.763,22.06
3/25/25 11:00,48.763,20.65
3/25/25 12:00,5.498,18.93
3/25/25 13:00,5.498,18.05
3/25/25 14:00,5.498,17.84
3/25/25 15:00,5.498,17.69
3/25/25 16:00,48.763,15.05
3/25/25 17:00,48.763,24.85
3/25/25 18:00,48.763,34.32
3/25/25 19:00,48.763,40.78
3/25/25 20:00,5.013,51.26
3/25/25 21:00,5.013,45.37
3/25/25 22:00,5.013,31.08
3/25/25 23:00,5.013,40.63
3/26/25 0:00,5.013,33.15
3/26/25 1:00,5.013,25.61
3/26/25 2:00,5.013,23.45
3/26/25 3:00,5.013,23.9
3/26/25 4:00,5.013,20.21
3/26/25 5:00,5.013,19.92
3/26/25 6:00,5.013,20.35
3/26/25 7:00,48.763,22.9
3/26/25 8:00,48.763,24.59
3/26/25 9:00,48.763,21.68
3/26/25 10:00,48.763,19.71
3/26/25 11:00,48.763,20.05
3/26/25 12:00,5.498,19.26
3/26/25 13:00,5.498,18.42
3/26/25 14:00,5.498,17.56
3/26/25 15:00,5.498,17.37
3/26/25 16:00,48.763,13.07
3/26/25 17:00,48.763,17.58
3/26/25 18:00,48.763,20.9
3/26/25 19:00,48.763,37.06
3/26/25 20:00,5.013,19.31
3/26/25 21:00,5.013,18.73
3/26/25 22:00,5.013,18.38
3/26/25 23:00,5.013,21.44
3/27/25 0:00,5.013,19.55
3/27/25 1:00,5.013,20.43
3/27/25 2:00,5.013,20.67
3/27/25 3:00,5.013,19.65
3/27/25 4:00,5.013,24.6
3/27/25 5:00,5.013,24.45
3/27/25 6:00,5.013,43.56
3/27/25 7:00,48.763,41.74
3/27/25 8:00,48.763,19.38
3/27/25 9:00,48.763,19.69
3/27/25 10:00,48.763,21.15
3/27/25 11:00,48.763,19.58
3/27/25 12:00,5.498,19.15
3/27/25 13:00,5.498,20.06
3/27/25 14:00,5.498,20.83
3/27/25 15:00,5.498,13.99
3/27/25 16:00,48.763,3.54
3/27/25 17:00,48.763,13.59
3/27/25 18:00,48.763,32.04
3/27/25 19:00,48.763,33.2
3/27/25 20:00,5.013,23.8
3/27/25 21:00,5.013,30.51
3/27/25 22:00,5.013,20.3
3/27/25 23:00,5.013,20.12
3/28/25 0:00,5.013,25.33
3/28/25 1:00,5.013,20.75
3/28/25 2:00,5.013,20.8
3/28/25 3:00,5.013,19.83
3/28/25 4:00,5.013,21.35
3/28/25 5:00,5.013,29.01
3/28/25 6:00,5.013,46.76
3/28/25 7:00,48.763,34.71
3/28/25 8:00,48.763,23.41
3/28/25 9:00,48.763,24.34
3/28/25 10:00,48.763,20.86
3/28/25 11:00,48.763,19.18
3/28/25 12:00,5.498,17.91
3/28/25 13:00,5.498,17.83
3/28/25 14:00,5.498,17.58
3/28/25 15:00,5.498,22.59
3/28/25 16:00,48.763,30.73
3/28/25 17:00,48.763,38.68
3/28/25 18:00,48.763,35.79
3/28/25 19:00,48.763,34
3/28/25 20:00,5.013,33.75
3/28/25 21:00,5.013,37.6
3/28/25 22:00,5.013,33.57
3/28/25 23:00,5.013,21.55
3/29/25 0:00,5.013,28.46
3/29/25 1:00,5.013,23.58
3/29/25 2:00,5.013,24.32
3/29/25 3:00,5.013,21.13
3/29/25 4:00,5.013,22.49
3/29/25 5:00,5.013,23.72
3/29/25 6:00,5.013,34.69
3/29/25 7:00,5.498,33
3/29/25 8:00,5.498,31.31
3/29/25 9:00,5.498,40.4
3/29/25 10:00,5.498,42.16
3/29/25 11:00,5.498,39.31
3/29/25 12:00,5.498,45.9
3/29/25 13:00,5.498,39.71
3/29/25 14:00,5.498,22.51
3/29/25 15:00,5.498,19.84
3/29/25 16:00,5.498,22.92
3/29/25 17:00,5.498,20.49
3/29/25 18:00,5.498,20.77
3/29/25 19:00,5.498,21.19
3/29/25 20:00,5.013,21.91
3/29/25 21:00,5.013,25.98
3/29/25 22:00,5.013,23.81
3/29/25 23:00,5.013,19.25
3/30/25 0:00,5.013,21.16
3/30/25 1:00,5.013,19.84
3/30/25 2:00,5.013,17.7
3/30/25 3:00,5.013,17.82
3/30/25 4:00,5.013,18.66
3/30/25 5:00,5.013,30.54
3/30/25 6:00,5.013,32.81
3/30/25 7:00,5.498,27.84
3/30/25 8:00,5.498,23.85
3/30/25 9:00,5.498,12.11
3/30/25 10:00,5.498,0
3/30/25 11:00,5.498,0
3/30/25 12:00,5.498,-0.01
3/30/25 13:00,5.498,-1.58
3/30/25 14:00,5.498,0
3/30/25 15:00,5.498,0
3/30/25 16:00,5.498,0
3/30/25 17:00,5.498,0
3/30/25 18:00,5.498,0
3/30/25 19:00,5.498,0
3/30/25 20:00,5.013,0
3/30/25 21:00,5.013,-7.51
3/30/25 22:00,5.013,-7.51
3/30/25 23:00,5.013,0
3/31/25 0:00,5.013,-30.01
3/31/25 1:00,5.013,-45
3/31/25 2:00,5.013,-41.25
3/31/25 3:00,5.013,-15
3/31/25 4:00,5.013,0
3/31/25 5:00,5.013,-7.5
3/31/25 6:00,5.013,0
3/31/25 7:00,48.763,0
3/31/25 8:00,48.763,-3.75
3/31/25 9:00,48.763,-3.75
3/31/25 10:00,48.763,-3.83
3/31/25 11:00,48.763,-6.03
3/31/25 12:00,5.498,-26.24
3/31/25 13:00,5.498,-39.78
3/31/25 14:00,5.498,-22.93
3/31/25 15:00,5.498,-0.43
3/31/25 16:00,48.763,0
3/31/25 17:00,48.763,0
3/31/25 18:00,48.763,-0.01
3/31/25 19:00,48.763,0.01
3/31/25 20:00,5.013,0
3/31/25 21:00,5.013,0
3/31/25 22:00,5.013,16.41
3/31/25 23:00,5.013,8.88
4/1/25 0:00,5.013,17.35
4/1/25 1:00,5.013,15.95
4/1/25 2:00,5.013,13.2
4/1/25 3:00,5.013,6.78
4/1/25 4:00,5.013,16.44
4/1/25 5:00,5.013,16.71
4/1/25 6:00,5.013,17.67
4/1/25 7:00,48.763,17.84
4/1/25 8:00,48.763,23.19
4/1/25 9:00,48.763,15.84
4/1/25 10:00,48.763,15.92
4/1/25 11:00,48.763,15.71
4/1/25 12:00,5.498,14.13
4/1/25 13:00,5.498,4.71
4/1/25 14:00,5.498,-7.51
4/1/25 15:00,5.498,-23.61
4/1/25 16:00,48.763,2.1
4/1/25 17:00,48.763,0
4/1/25 18:00,48.763,-0.01
4/1/25 19:00,48.763,2.63
4/1/25 20:00,5.013,2.82
4/1/25 21:00,5.013,18.16
4/1/25 22:00,5.013,10.64
4/1/25 23:00,5.013,17.57